Year, Month, Day, Hour, Minute, Second, Themistor, Temperature Probe, Platinum Rtd
2095, 15, 13, 7, 9, 14, 24.73, 21.40, 24.99
2095, 15, 13, 7, 9, 15, 24.53, 21.72, 25.06
2095, 15, 13, 7, 9, 16, 24.53, 21.40, 25.06
2095, 15, 13, 7, 9, 17, 24.53, 21.16, 25.09
2095, 15, 13, 7, 9, 18, 24.57, 21.40, 25.09
2095, 15, 13, 7, 9, 19, 24.57, 21.00, 25.13
2095, 15, 13, 7, 9, 20, 24.53, 21.08, 25.16
2095, 15, 13, 7, 9, 21, 24.55, 21.32, 25.16
2095, 15, 13, 7, 9, 22, 24.53, 21.00, 25.19
2095, 15, 13, 7, 9, 24, 24.55, 21.64, 25.19
2095, 15, 13, 7, 9, 25, 24.59, 21.48, 25.23
2095, 15, 13, 7, 9, 26, 24.59, 21.16, 25.23
2095, 15, 13, 7, 9, 27, 24.55, 21.80, 25.23
2095, 15, 13, 7, 9, 28, 24.59, 21.08, 25.26
2095, 15, 13, 7, 9, 29, 24.59, 21.24, 25.29
2095, 15, 13, 7, 9, 30, 24.59, 21.08, 25.29
2095, 15, 13, 7, 9, 31, 24.57, 21.24, 25.33
2095, 15, 13, 7, 9, 32, 24.57, 21.72, 25.29
2095, 15, 13, 7, 9, 33, 24.81, 22.69, 25.33
2095, 15, 13, 7, 9, 34, 24.59, 21.32, 25.33
2095, 15, 13, 7, 9, 36, 24.57, 21.80, 25.33
2095, 15, 13, 7, 9, 37, 24.62, 21.48, 25.36
2095, 15, 13, 7, 9, 38, 24.53, 22.53, 25.36
2095, 15, 13, 7, 9, 39, 24.57, 21.24, 25.33
2095, 15, 13, 7, 9, 40, 24.55, 21.08, 25.36
2095, 15, 13, 7, 9, 41, 24.48, 20.35, 25.36
2095, 15, 13, 7, 9, 43, 24.55, 21.24, 25.36
2095, 15, 13, 7, 9, 44, 24.53, 21.24, 25.40
2095, 15, 13, 7, 9, 45, 24.70, 22.61, 25.40
2095, 15, 13, 7, 9, 46, 24.51, 21.72, 25.40
2095, 15, 13, 7, 9, 47, 24.53, 21.32, 25.36
2095, 15, 13, 7, 9, 48, 24.51, 21.16, 25.40
2095, 15, 13, 7, 9, 49, 24.53, 21.08, 25.40
2095, 15, 13, 7, 9, 50, 24.46, 21.00, 25.43
2095, 15, 13, 7, 9, 51, 24.51, 22.61, 25.43
2095, 15, 13, 7, 9, 52, 24.51, 21.24, 25.40
2095, 15, 13, 7, 9, 53, 24.53, 21.00, 25.43
2095, 15, 13, 7, 9, 55, 24.51, 21.56, 25.43
2095, 15, 13, 7, 9, 56, 24.53, 21.08, 25.40
2095, 15, 13, 7, 9, 57, 24.53, 21.24, 25.43
2095, 15, 13, 7, 9, 58, 24.42, 20.84, 25.40
2095, 15, 13, 7, 9, 59, 24.53, 21.24, 25.43
2095, 15, 13, 7, 10, 0, 24.53, 21.32, 25.43
2095, 15, 13, 7, 10, 1, 24.51, 21.16, 25.46
2095, 15, 13, 7, 10, 2, 24.51, 21.72, 25.43
2095, 15, 13, 7, 10, 3, 24.48, 21.40, 25.43
2095, 15, 13, 7, 10, 4, 24.51, 21.24, 25.43
2095, 15, 13, 7, 10, 6, 24.46, 21.48, 25.43
2095, 15, 13, 7, 10, 7, 24.51, 21.56, 25.43
2095, 15, 13, 7, 10, 8, 24.48, 21.48, 25.43
2095, 15, 13, 7, 10, 9, 24.48, 21.40, 25.43
2095, 15, 13, 7, 10, 10, 24.53, 21.48, 25.43
2095, 15, 13, 7, 10, 11, 24.51, 22.37, 25.43
2095, 15, 13, 7, 10, 12, 24.46, 21.56, 25.43
2095, 15, 13, 7, 10, 13, 24.40, 23.01, 25.43
2095, 15, 13, 7, 10, 14, 24.48, 22.21, 25.46
2095, 15, 13, 7, 10, 15, 24.51, 22.37, 25.43
2095, 15, 13, 7, 10, 16, 24.51, 21.96, 25.43
2095, 15, 13, 7, 10, 18, 24.46, 22.21, 25.43
2095, 15, 13, 7, 10, 19, 24.46, 22.12, 25.46
2095, 15, 13, 7, 10, 20, 24.46, 22.77, 25.43
2095, 15, 13, 7, 10, 21, 24.48, 22.21, 25.43
2095, 15, 13, 7, 10, 22, 24.46, 22.85, 25.43
2095, 15, 13, 7, 10, 23, 24.27, 20.75, 25.46
2095, 15, 13, 7, 10, 24, 24.48, 22.45, 25.43
2095, 15, 13, 7, 10, 25, 24.35, 22.12, 25.43
2095, 15, 13, 7, 10, 26, 24.44, 22.12, 25.43
2095, 15, 13, 7, 10, 27, 24.42, 21.16, 25.43
2095, 15, 13, 7, 10, 29, 24.42, 21.40, 25.43
2095, 15, 13, 7, 10, 30, 24.35, 22.45, 25.46
2095, 15, 13, 7, 10, 31, 24.40, 22.37, 25.43
2095, 15, 13, 7, 10, 32, 24.42, 22.21, 25.43
2095, 15, 13, 7, 10, 33, 24.42, 22.29, 25.46
2095, 15, 13, 7, 10, 34, 24.42, 22.37, 25.43
2095, 15, 13, 7, 10, 35, 24.62, 22.45, 25.40
2095, 15, 13, 7, 10, 36, 24.37, 22.45, 25.40
2095, 15, 13, 7, 10, 37, 24.37, 22.53, 25.40
2095, 15, 13, 7, 10, 38, 24.40, 22.45, 25.43
2095, 15, 13, 7, 10, 40, 24.40, 21.88, 25.40
2095, 15, 13, 7, 10, 41, 24.31, 22.61, 25.40
2095, 15, 13, 7, 10, 42, 24.37, 22.12, 25.36
2095, 15, 13, 7, 10, 43, 24.35, 22.21, 25.36
2095, 15, 13, 7, 10, 44, 24.35, 22.12, 25.36
2095, 15, 13, 7, 10, 45, 24.33, 22.85, 25.36
2095, 15, 13, 7, 10, 46, 24.37, 22.29, 25.36
2095, 15, 13, 7, 10, 47, 24.33, 22.93, 25.36
2095, 15, 13, 7, 10, 49, 24.35, 22.12, 25.33
2095, 15, 13, 7, 10, 50, 24.35, 22.04, 25.36
2095, 15, 13, 7, 10, 51, 24.31, 23.09, 25.33
2095, 15, 13, 7, 10, 52, 24.33, 21.96, 25.29
2095, 15, 13, 7, 10, 53, 24.33, 22.37, 25.29
2095, 15, 13, 7, 10, 54, 24.37, 21.80, 25.33
2095, 15, 13, 7, 10, 55, 24.31, 23.01, 25.33
2095, 15, 13, 7, 10, 56, 24.29, 23.09, 25.29
2095, 15, 13, 7, 10, 57, 24.31, 23.17, 25.29
2095, 15, 13, 7, 10, 58, 24.33, 21.88, 25.29
2095, 15, 13, 7, 11, 0, 24.31, 22.93, 25.33
2095, 15, 13, 7, 11, 1, 24.33, 21.88, 25.33
2095, 15, 13, 7, 11, 2, 24.31, 23.82, 25.29
2095, 15, 13, 7, 11, 3, 24.31, 22.04, 25.29
2095, 15, 13, 7, 11, 4, 24.31, 23.58, 25.33
2095, 15, 13, 7, 11, 5, 24.31, 22.69, 25.33
2095, 15, 13, 7, 11, 6, 24.31, 22.85, 25.29
2095, 15, 13, 7, 11, 7, 24.33, 21.48, 25.33
2095, 15, 13, 7, 11, 8, 24.33, 22.04, 25.29
2095, 15, 13, 7, 11, 9, 24.33, 22.12, 25.29
2095, 15, 13, 7, 11, 10, 24.31, 22.21, 25.29
2095, 15, 13, 7, 11, 12, 24.31, 22.12, 25.29
2095, 15, 13, 7, 11, 13, 24.33, 21.88, 25.29
2095, 15, 13, 7, 11, 14, 24.33, 23.25, 25.29
2095, 15, 13, 7, 11, 15, 24.42, 22.45, 25.29
2095, 15, 13, 7, 11, 16, 24.31, 23.17, 25.29
2095, 15, 13, 7, 11, 17, 24.31, 23.01, 25.26
2095, 15, 13, 7, 11, 18, 24.31, 23.49, 25.29
2095, 15, 13, 7, 11, 19, 24.31, 23.58, 25.29
2095, 15, 13, 7, 11, 20, 24.31, 23.41, 25.26
2095, 15, 13, 7, 11, 21, 24.55, 21.24, 25.26
2095, 15, 13, 7, 11, 23, 24.20, 23.41, 25.26
2095, 15, 13, 7, 11, 24, 24.29, 22.85, 25.26
2095, 15, 13, 7, 11, 25, 24.29, 23.33, 25.26
2095, 15, 13, 7, 11, 26, 24.07, 22.69, 25.26
2095, 15, 13, 7, 11, 27, 24.22, 22.77, 25.26
2095, 15, 13, 7, 11, 28, 24.29, 23.41, 25.26
2095, 15, 13, 7, 11, 29, 24.27, 23.09, 25.26
2095, 15, 13, 7, 11, 30, 24.27, 23.41, 25.26
2095, 15, 13, 7, 11, 31, 24.27, 22.53, 25.26
2095, 15, 13, 7, 11, 32, 24.27, 22.53, 25.23
2095, 15, 13, 7, 11, 33, 24.31, 23.09, 25.26
2095, 15, 13, 7, 11, 35, 24.29, 23.41, 25.26
2095, 15, 13, 7, 11, 36, 24.31, 23.17, 25.23
2095, 15, 13, 7, 11, 37, 24.33, 22.53, 25.23
2095, 15, 13, 7, 11, 38, 24.29, 23.49, 25.26
2095, 15, 13, 7, 11, 39, 24.31, 22.12, 25.23
2095, 15, 13, 7, 11, 40, 24.31, 23.25, 25.23
2095, 15, 13, 7, 11, 41, 24.31, 23.33, 25.26
2095, 15, 13, 7, 11, 43, 24.33, 21.80, 25.26
2095, 15, 13, 7, 11, 44, 24.29, 23.74, 25.26
2095, 15, 13, 7, 11, 45, 24.33, 22.85, 25.26
2095, 15, 13, 7, 11, 46, 24.31, 23.66, 25.23
2095, 15, 13, 7, 11, 47, 24.31, 23.49, 25.26
2095, 15, 13, 7, 11, 48, 24.37, 22.45, 25.26
2095, 15, 13, 7, 11, 49, 24.31, 23.25, 25.23
2095, 15, 13, 7, 11, 50, 24.33, 23.25, 25.26
2095, 15, 13, 7, 11, 51, 24.33, 21.96, 25.23
2095, 15, 13, 7, 11, 52, 24.33, 22.85, 25.23
2095, 15, 13, 7, 11, 54, 24.35, 21.80, 25.23
2095, 15, 13, 7, 11, 55, 24.33, 22.69, 25.26
2095, 15, 13, 7, 11, 56, 24.31, 23.66, 25.26
2095, 15, 13, 7, 11, 57, 24.33, 23.01, 25.26
2095, 15, 13, 7, 11, 58, 24.29, 23.25, 25.23
2095, 15, 13, 7, 11, 59, 24.37, 22.93, 25.26
2095, 15, 13, 7, 12, 0, 24.35, 22.85, 25.23
2095, 15, 13, 7, 12, 1, 24.35, 22.04, 25.23
2095, 15, 13, 7, 12, 2, 24.31, 22.37, 25.23
2095, 15, 13, 7, 12, 3, 24.33, 22.21, 25.23
2095, 15, 13, 7, 12, 4, 24.62, 22.29, 25.23
2095, 15, 13, 7, 12, 6, 24.29, 21.80, 25.23
2095, 15, 13, 7, 12, 7, 24.31, 23.33, 25.19
2095, 15, 13, 7, 12, 8, 24.75, 22.69, 25.23
2095, 15, 13, 7, 12, 9, 24.35, 23.09, 25.23
2095, 15, 13, 7, 12, 10, 24.33, 21.80, 25.23
2095, 15, 13, 7, 12, 11, 24.31, 23.49, 25.19
2095, 15, 13, 7, 12, 12, 24.24, 22.93, 25.19
2095, 15, 13, 7, 12, 13, 24.27, 23.33, 25.23
2095, 15, 13, 7, 12, 14, 24.29, 22.61, 25.16
2095, 15, 13, 7, 12, 15, 24.27, 23.33, 25.19
2095, 15, 13, 7, 12, 17, 24.24, 21.96, 25.19
2095, 15, 13, 7, 12, 18, 24.27, 22.85, 25.19
2095, 15, 13, 7, 12, 19, 24.29, 23.58, 25.19
2095, 15, 13, 7, 12, 20, 24.24, 23.49, 25.19
2095, 15, 13, 7, 12, 21, 24.27, 22.85, 25.19
2095, 15, 13, 7, 12, 22, 24.29, 22.12, 25.19
2095, 15, 13, 7, 12, 23, 24.29, 22.77, 25.16
2095, 15, 13, 7, 12, 24, 24.31, 22.37, 25.16
2095, 15, 13, 7, 12, 25, 24.24, 23.33, 25.16
2095, 15, 13, 7, 12, 26, 24.29, 23.33, 25.19
2095, 15, 13, 7, 12, 27, 24.35, 22.21, 25.16
2095, 15, 13, 7, 12, 29, 24.24, 22.69, 25.19
2095, 15, 13, 7, 12, 30, 24.27, 22.61, 25.16
2095, 15, 13, 7, 12, 31, 24.24, 22.45, 25.16
2095, 15, 13, 7, 12, 32, 24.24, 22.45, 25.16
2095, 15, 13, 7, 12, 33, 24.24, 22.53, 25.13
2095, 15, 13, 7, 12, 34, 24.24, 22.85, 25.16
2095, 15, 13, 7, 12, 35, 24.18, 22.69, 25.13
2095, 15, 13, 7, 12, 36, 24.16, 22.04, 25.13
2095, 15, 13, 7, 12, 37, 24.24, 22.61, 25.13
2095, 15, 13, 7, 12, 38, 24.22, 22.12, 25.16
2095, 15, 13, 7, 12, 40, 24.24, 22.77, 25.16
2095, 15, 13, 7, 12, 41, 24.22, 22.04, 25.16
2095, 15, 13, 7, 12, 42, 24.18, 22.53, 25.13
2095, 15, 13, 7, 12, 43, 24.20, 23.33, 25.13
2095, 15, 13, 7, 12, 44, 24.18, 23.17, 25.13
2095, 15, 13, 7, 12, 45, 24.22, 22.61, 25.09
2095, 15, 13, 7, 12, 46, 24.13, 22.21, 25.13
2095, 15, 13, 7, 12, 48, 24.22, 22.69, 25.13
2095, 15, 13, 7, 12, 49, 24.22, 22.61, 25.09
2095, 15, 13, 7, 12, 50, 24.22, 22.61, 25.09
2095, 15, 13, 7, 12, 51, 24.20, 22.61, 25.09
2095, 15, 13, 7, 12, 52, 24.20, 22.53, 25.09
2095, 15, 13, 7, 12, 53, 24.22, 22.53, 25.09
2095, 15, 13, 7, 12, 54, 24.20, 22.21, 25.09
2095, 15, 13, 7, 12, 55, 24.20, 22.37, 25.06
2095, 15, 13, 7, 12, 56, 24.18, 21.72, 25.09
2095, 15, 13, 7, 12, 57, 24.20, 22.37, 25.09
2095, 15, 13, 7, 12, 59, 24.20, 21.72, 25.09
2095, 15, 13, 7, 13, 0, 24.18, 22.45, 25.06
2095, 15, 13, 7, 13, 1, 24.18, 22.12, 25.09
2095, 15, 13, 7, 13, 2, 24.18, 21.96, 25.09
2095, 15, 13, 7, 13, 3, 24.18, 22.04, 25.09
2095, 15, 13, 7, 13, 4, 24.18, 21.88, 25.09
2095, 15, 13, 7, 13, 5, 24.22, 21.72, 25.06
2095, 15, 13, 7, 13, 6, 24.20, 21.88, 25.06
2095, 15, 13, 7, 13, 7, 24.20, 22.21, 25.06
2095, 15, 13, 7, 13, 8, 24.18, 23.33, 25.02
2095, 15, 13, 7, 13, 9, 24.22, 21.88, 25.02
2095, 15, 13, 7, 13, 11, 24.18, 22.12, 25.06
2095, 15, 13, 7, 13, 12, 24.20, 22.61, 25.06
2095, 15, 13, 7, 13, 13, 24.11, 22.61, 25.06
2095, 15, 13, 7, 13, 14, 24.20, 22.29, 25.06
2095, 15, 13, 7, 13, 15, 24.18, 22.85, 25.06
2095, 15, 13, 7, 13, 16, 24.13, 22.69, 25.02
2095, 15, 13, 7, 13, 17, 24.13, 22.53, 25.02
2095, 15, 13, 7, 13, 18, 24.18, 23.17, 25.02
2095, 15, 13, 7, 13, 19, 24.13, 21.96, 24.99
2095, 15, 13, 7, 13, 20, 24.18, 21.80, 25.02
2095, 15, 13, 7, 13, 21, 24.18, 22.29, 25.02
2095, 15, 13, 7, 13, 23, 24.16, 23.17, 25.02
2095, 15, 13, 7, 13, 24, 24.18, 22.69, 24.99
2095, 15, 13, 7, 13, 25, 24.20, 22.77, 25.02
2095, 15, 13, 7, 13, 26, 24.16, 22.12, 25.02
2095, 15, 13, 7, 13, 27, 24.20, 22.04, 24.99
2095, 15, 13, 7, 13, 28, 23.98, 22.29, 24.99
2095, 15, 13, 7, 13, 29, 24.13, 21.72, 25.02
2095, 15, 13, 7, 13, 30, 24.16, 21.80, 24.99
2095, 15, 13, 7, 13, 31, 24.11, 22.85, 24.99
2095, 15, 13, 7, 13, 32, 24.13, 23.09, 24.99
2095, 15, 13, 7, 13, 34, 24.16, 22.53, 24.99
2095, 15, 13, 7, 13, 35, 24.16, 22.69, 24.99
2095, 15, 13, 7, 13, 36, 24.20, 22.29, 24.99
2095, 15, 13, 7, 13, 37, 24.16, 21.80, 24.99
2095, 15, 13, 7, 13, 38, 24.16, 23.33, 24.96
2095, 15, 13, 7, 13, 39, 24.13, 21.96, 24.96
2095, 15, 13, 7, 13, 40, 24.16, 22.61, 24.96
2095, 15, 13, 7, 13, 41, 24.16, 22.69, 24.96
2095, 15, 13, 7, 13, 42, 24.13, 22.45, 24.96
2095, 15, 13, 7, 13, 44, 24.13, 22.53, 24.96
2095, 15, 13, 7, 13, 45, 24.16, 22.37, 24.96
2095, 15, 13, 7, 13, 46, 24.16, 22.85, 24.96
2095, 15, 13, 7, 13, 47, 24.13, 21.48, 24.96
2095, 15, 13, 7, 13, 48, 24.11, 22.29, 24.96
2095, 15, 13, 7, 13, 49, 24.20, 22.04, 24.96
2095, 15, 13, 7, 13, 50, 24.16, 22.61, 24.96
2095, 15, 13, 7, 13, 51, 24.18, 22.53, 24.96
2095, 15, 13, 7, 13, 53, 24.18, 22.69, 24.92
2095, 15, 13, 7, 13, 54, 24.22, 22.69, 24.96
2095, 15, 13, 7, 13, 55, 24.44, 22.85, 24.96
2095, 15, 13, 7, 13, 56, 24.13, 23.17, 24.96
2095, 15, 13, 7, 13, 57, 24.18, 22.45, 24.96
2095, 15, 13, 7, 13, 58, 24.18, 22.53, 24.96
2095, 15, 13, 7, 13, 59, 24.18, 22.45, 24.96
2095, 15, 13, 7, 14, 0, 24.13, 22.61, 24.96
2095, 15, 13, 7, 14, 1, 24.16, 23.41, 24.96
2095, 15, 13, 7, 14, 2, 24.16, 23.49, 24.96
2095, 15, 13, 7, 14, 3, 24.16, 22.04, 24.96
2095, 15, 13, 7, 14, 5, 24.20, 22.04, 24.96
2095, 15, 13, 7, 14, 6, 24.20, 22.21, 24.96
2095, 15, 13, 7, 14, 7, 24.18, 21.80, 24.96
2095, 15, 13, 7, 14, 8, 24.62, 22.04, 24.96
2095, 15, 13, 7, 14, 9, 24.20, 22.12, 24.96
2095, 15, 13, 7, 14, 10, 24.22, 22.12, 24.96
2095, 15, 13, 7, 14, 11, 24.18, 23.33, 24.96
2095, 15, 13, 7, 14, 12, 24.20, 23.09, 24.96
2095, 15, 13, 7, 14, 13, 24.16, 23.17, 24.99
2095, 15, 13, 7, 14, 15, 24.20, 22.93, 24.96
2095, 15, 13, 7, 14, 16, 24.18, 22.53, 24.96
2095, 15, 13, 7, 14, 17, 24.20, 22.45, 24.99
2095, 15, 13, 7, 14, 18, 24.16, 22.53, 24.99
2095, 15, 13, 7, 14, 19, 24.18, 22.61, 24.96
2095, 15, 13, 7, 14, 20, 24.16, 22.61, 24.96
2095, 15, 13, 7, 14, 21, 24.11, 22.45, 24.99
2095, 15, 13, 7, 14, 22, 24.13, 23.17, 24.96
2095, 15, 13, 7, 14, 23, 24.18, 22.21, 24.99
2095, 15, 13, 7, 14, 24, 24.13, 22.69, 24.96
2095, 15, 13, 7, 14, 25, 24.16, 22.29, 24.96
2095, 15, 13, 7, 14, 27, 24.09, 22.45, 24.96
2095, 15, 13, 7, 14, 28, 24.18, 22.77, 24.96
2095, 15, 13, 7, 14, 29, 24.13, 22.69, 24.96
2095, 15, 13, 7, 14, 30, 24.18, 22.77, 24.96
2095, 15, 13, 7, 14, 31, 24.16, 22.37, 24.96
2095, 15, 13, 7, 14, 32, 24.20, 22.53, 24.96
2095, 15, 13, 7, 14, 33, 24.35, 23.09, 24.96
2095, 15, 13, 7, 14, 34, 24.16, 22.69, 24.96
2095, 15, 13, 7, 14, 35, 24.16, 22.37, 24.96
2095, 15, 13, 7, 14, 36, 24.13, 22.61, 24.99
2095, 15, 13, 7, 14, 38, 24.11, 22.69, 24.96
2095, 15, 13, 7, 14, 39, 24.16, 22.69, 24.96
2095, 15, 13, 7, 14, 40, 24.18, 22.53, 24.96
2095, 15, 13, 7, 14, 41, 24.20, 22.21, 24.99
2095, 15, 13, 7, 14, 42, 23.96, 21.64, 24.96
2095, 15, 13, 7, 14, 43, 24.18, 22.45, 24.96
2095, 15, 13, 7, 14, 44, 24.16, 22.21, 24.96
2095, 15, 13, 7, 14, 45, 24.13, 22.61, 24.96
2095, 15, 13, 7, 14, 47, 24.13, 21.96, 24.96
2095, 15, 13, 7, 14, 48, 24.11, 22.45, 24.96
2095, 15, 13, 7, 14, 49, 24.16, 21.64, 24.96
2095, 15, 13, 7, 14, 50, 24.09, 23.33, 24.96
2095, 15, 13, 7, 14, 51, 24.13, 22.69, 24.92
2095, 15, 13, 7, 14, 52, 24.16, 23.09, 24.96
2095, 15, 13, 7, 14, 53, 24.13, 21.80, 24.96
2095, 15, 13, 7, 14, 54, 24.16, 22.37, 24.96
2095, 15, 13, 7, 14, 55, 24.16, 22.77, 24.96
2095, 15, 13, 7, 14, 57, 24.16, 21.80, 24.92
2095, 15, 13, 7, 14, 58, 24.13, 22.53, 24.92
2095, 15, 13, 7, 14, 59, 24.18, 23.25, 24.92
2095, 15, 13, 7, 15, 0, 24.16, 22.29, 24.92
2095, 15, 13, 7, 15, 1, 24.18, 22.29, 24.96
2095, 15, 13, 7, 15, 2, 24.16, 21.80, 24.92
2095, 15, 13, 7, 15, 3, 24.13, 22.04, 24.92
2095, 15, 13, 7, 15, 4, 24.16, 22.37, 24.89
2095, 15, 13, 7, 15, 5, 24.13, 23.33, 24.92
2095, 15, 13, 7, 15, 6, 24.16, 22.12, 24.92
2095, 15, 13, 7, 15, 7, 24.16, 21.72, 24.92
2095, 15, 13, 7, 15, 9, 24.09, 21.72, 24.92
2095, 15, 13, 7, 15, 10, 24.09, 21.56, 24.92
2095, 15, 13, 7, 15, 11, 24.11, 22.77, 24.92
2095, 15, 13, 7, 15, 12, 24.11, 22.69, 24.92
2095, 15, 13, 7, 15, 13, 24.13, 21.80, 24.92
2095, 15, 13, 7, 15, 14, 24.13, 22.85, 24.92
2095, 15, 13, 7, 15, 15, 24.13, 22.77, 24.92
2095, 15, 13, 7, 15, 16, 24.31, 23.58, 24.92
2095, 15, 13, 7, 15, 17, 24.11, 22.45, 24.92
2095, 15, 13, 7, 15, 18, 24.13, 22.45, 24.92
2095, 15, 13, 7, 15, 20, 24.11, 22.37, 24.92
2095, 15, 13, 7, 15, 21, 24.16, 22.61, 24.92
2095, 15, 13, 7, 15, 22, 24.11, 23.17, 24.92
2095, 15, 13, 7, 15, 23, 24.13, 22.69, 24.92
2095, 15, 13, 7, 15, 24, 24.09, 23.41, 24.92
2095, 15, 13, 7, 15, 25, 24.00, 22.53, 24.92
2095, 15, 13, 7, 15, 26, 24.13, 22.61, 24.92
2095, 15, 13, 7, 15, 27, 24.16, 22.12, 24.92
2095, 15, 13, 7, 15, 28, 24.16, 23.01, 24.92
2095, 15, 13, 7, 15, 29, 24.11, 22.85, 24.92
2095, 15, 13, 7, 15, 30, 24.16, 21.72, 24.92
2095, 15, 13, 7, 15, 32, 24.16, 22.61, 24.92
2095, 15, 13, 7, 15, 33, 24.18, 22.69, 24.96
2095, 15, 13, 7, 15, 34, 24.16, 23.25, 24.92
2095, 15, 13, 7, 15, 35, 24.18, 21.80, 24.89
2095, 15, 13, 7, 15, 36, 24.20, 22.21, 24.92
2095, 15, 13, 7, 15, 37, 24.24, 21.64, 24.92
2095, 15, 13, 7, 15, 38, 24.13, 22.93, 24.96
2095, 15, 13, 7, 15, 39, 24.16, 22.61, 24.92
2095, 15, 13, 7, 15, 40, 24.18, 22.61, 24.92
2095, 15, 13, 7, 15, 41, 24.18, 22.61, 24.92
2095, 15, 13, 7, 15, 42, 24.13, 23.49, 24.96
2095, 15, 13, 7, 15, 44, 24.18, 22.21, 24.92
2095, 15, 13, 7, 15, 45, 24.09, 22.53, 24.92
2095, 15, 13, 7, 15, 46, 24.22, 23.58, 24.92
2095, 15, 13, 7, 15, 47, 24.13, 23.58, 24.92
2095, 15, 13, 7, 15, 48, 24.42, 23.58, 24.92
2095, 15, 13, 7, 15, 49, 24.13, 22.93, 24.89
2095, 15, 13, 7, 15, 51, 24.18, 22.69, 24.92
2095, 15, 13, 7, 15, 52, 24.13, 22.61, 24.92
2095, 15, 13, 7, 15, 53, 24.18, 22.21, 24.92
2095, 15, 13, 7, 15, 54, 24.16, 21.80, 24.92
2095, 15, 13, 7, 15, 55, 24.07, 23.25, 24.92
2095, 15, 13, 7, 15, 56, 24.16, 22.53, 24.92
2095, 15, 13, 7, 15, 57, 24.16, 22.61, 24.89
2095, 15, 13, 7, 15, 58, 24.16, 22.12, 24.92
2095, 15, 13, 7, 15, 59, 24.13, 22.69, 24.92
2095, 15, 13, 7, 16, 0, 24.11, 22.45, 24.89
2095, 15, 13, 7, 16, 2, 24.13, 22.45, 24.92
2095, 15, 13, 7, 16, 3, 24.16, 21.40, 24.92
2095, 15, 13, 7, 16, 4, 24.11, 23.82, 24.89
2095, 15, 13, 7, 16, 5, 24.16, 22.21, 24.89
2095, 15, 13, 7, 16, 6, 24.13, 22.12, 24.89
2095, 15, 13, 7, 16, 7, 24.13, 22.12, 24.89
2095, 15, 13, 7, 16, 8, 24.13, 21.88, 24.89
2095, 15, 13, 7, 16, 9, 24.13, 22.04, 24.89
2095, 15, 13, 7, 16, 10, 24.13, 21.56, 24.89
2095, 15, 13, 7, 16, 11, 24.13, 22.04, 24.89
2095, 15, 13, 7, 16, 12, 24.11, 22.53, 24.92
2095, 15, 13, 7, 16, 14, 24.11, 22.53, 24.89
2095, 15, 13, 7, 16, 15, 24.11, 23.33, 24.85
2095, 15, 13, 7, 16, 16, 24.09, 22.37, 24.89
2095, 15, 13, 7, 16, 17, 24.13, 23.25, 24.89
2095, 15, 13, 7, 16, 18, 24.11, 23.01, 24.89
2095, 15, 13, 7, 16, 19, 24.33, 23.41, 24.85
2095, 15, 13, 7, 16, 20, 24.11, 22.21, 24.85
2095, 15, 13, 7, 16, 21, 24.09, 23.25, 24.85
2095, 15, 13, 7, 16, 22, 24.09, 23.41, 24.89
2095, 15, 13, 7, 16, 23, 24.07, 22.69, 24.85
2095, 15, 13, 7, 16, 24, 24.11, 22.69, 24.89
2095, 15, 13, 7, 16, 26, 24.20, 22.45, 24.89
2095, 15, 13, 7, 16, 27, 24.09, 22.37, 24.85
2095, 15, 13, 7, 16, 28, 24.09, 22.12, 24.85
2095, 15, 13, 7, 16, 29, 24.09, 22.93, 24.85
2095, 15, 13, 7, 16, 30, 24.09, 22.61, 24.85
2095, 15, 13, 7, 16, 31, 24.09, 23.25, 24.85
2095, 15, 13, 7, 16, 32, 24.05, 22.61, 24.85
2095, 15, 13, 7, 16, 33, 24.11, 22.45, 24.85
2095, 15, 13, 7, 16, 34, 24.09, 22.85, 24.85
2095, 15, 13, 7, 16, 35, 24.11, 22.61, 24.85
2095, 15, 13, 7, 16, 37, 24.09, 22.69, 24.85
2095, 15, 13, 7, 16, 38, 24.27, 22.37, 24.85
2095, 15, 13, 7, 16, 39, 24.11, 22.69, 24.85
2095, 15, 13, 7, 16, 40, 24.07, 23.25, 24.82
2095, 15, 13, 7, 16, 41, 24.13, 22.61, 24.85
2095, 15, 13, 7, 16, 42, 24.09, 22.69, 24.85
2095, 15, 13, 7, 16, 43, 24.09, 22.53, 24.85
2095, 15, 13, 7, 16, 44, 24.09, 22.61, 24.85
2095, 15, 13, 7, 16, 45, 24.02, 22.69, 24.82
2095, 15, 13, 7, 16, 46, 24.09, 22.53, 24.85
2095, 15, 13, 7, 16, 47, 24.09, 22.61, 24.85
2095, 15, 13, 7, 16, 49, 24.07, 23.33, 24.85
2095, 15, 13, 7, 16, 50, 24.09, 22.53, 24.82
2095, 15, 13, 7, 16, 51, 24.05, 22.53, 24.85
2095, 15, 13, 7, 16, 52, 24.24, 22.77, 24.85
2095, 15, 13, 7, 16, 53, 24.07, 22.53, 24.85
2095, 15, 13, 7, 16, 54, 24.09, 22.93, 24.82
2095, 15, 13, 7, 16, 56, 24.09, 22.53, 24.82
2095, 15, 13, 7, 16, 57, 24.00, 23.66, 24.85
2095, 15, 13, 7, 16, 58, 24.09, 23.01, 24.82
2095, 15, 13, 7, 16, 59, 24.11, 22.21, 24.82
2095, 15, 13, 7, 17, 0, 24.11, 21.72, 24.85
2095, 15, 13, 7, 17, 1, 24.07, 23.17, 24.82
2095, 15, 13, 7, 17, 2, 24.09, 21.56, 24.82
2095, 15, 13, 7, 17, 3, 24.07, 21.88, 24.82
2095, 15, 13, 7, 17, 4, 23.98, 21.88, 24.85
2095, 15, 13, 7, 17, 5, 24.09, 22.45, 24.82
2095, 15, 13, 7, 17, 6, 24.09, 21.96, 24.85
2095, 15, 13, 7, 17, 8, 24.11, 22.12, 24.82
2095, 15, 13, 7, 17, 9, 24.11, 22.37, 24.82
2095, 15, 13, 7, 17, 10, 24.09, 22.04, 24.82
2095, 15, 13, 7, 17, 11, 24.07, 23.33, 24.82
2095, 15, 13, 7, 17, 12, 24.09, 22.77, 24.85
2095, 15, 13, 7, 17, 13, 24.09, 22.77, 24.85
2095, 15, 13, 7, 17, 14, 24.05, 23.01, 24.85
2095, 15, 13, 7, 17, 15, 24.07, 22.93, 24.85
2095, 15, 13, 7, 17, 16, 24.09, 22.77, 24.82
2095, 15, 13, 7, 17, 17, 24.00, 23.09, 24.85
2095, 15, 13, 7, 17, 18, 24.09, 22.45, 24.82
2095, 15, 13, 7, 17, 20, 24.22, 23.25, 24.85
2095, 15, 13, 7, 17, 21, 24.09, 22.69, 24.85
2095, 15, 13, 7, 17, 22, 24.07, 22.85, 24.85
2095, 15, 13, 7, 17, 23, 24.05, 23.58, 24.85
2095, 15, 13, 7, 17, 24, 24.09, 22.29, 24.85
2095, 15, 13, 7, 17, 25, 24.05, 22.12, 24.85
2095, 15, 13, 7, 17, 26, 24.05, 21.88, 24.85
2095, 15, 13, 7, 17, 27, 24.07, 23.01, 24.85
2095, 15, 13, 7, 17, 28, 24.07, 22.53, 24.85
2095, 15, 13, 7, 17, 29, 24.05, 23.01, 24.85
2095, 15, 13, 7, 17, 31, 24.11, 22.53, 24.85
2095, 15, 13, 7, 17, 32, 24.07, 22.21, 24.85
2095, 15, 13, 7, 17, 33, 24.05, 23.66, 24.82
2095, 15, 13, 7, 17, 34, 24.09, 23.58, 24.85
2095, 15, 13, 7, 17, 35, 24.07, 22.77, 24.85
2095, 15, 13, 7, 17, 36, 24.07, 22.61, 24.85
2095, 15, 13, 7, 17, 37, 24.05, 21.80, 24.85
2095, 15, 13, 7, 17, 38, 24.05, 22.69, 24.85
2095, 15, 13, 7, 17, 39, 24.07, 22.21, 24.85
2095, 15, 13, 7, 17, 40, 24.05, 22.69, 24.82
2095, 15, 13, 7, 17, 41, 24.07, 22.69, 24.85
2095, 15, 13, 7, 17, 43, 24.05, 23.41, 24.85
2095, 15, 13, 7, 17, 44, 24.05, 21.88, 24.85
2095, 15, 13, 7, 17, 45, 24.07, 22.29, 24.85
2095, 15, 13, 7, 17, 46, 24.05, 22.53, 24.85
2095, 15, 13, 7, 17, 47, 24.07, 22.61, 24.85
2095, 15, 13, 7, 17, 48, 24.05, 22.69, 24.85
2095, 15, 13, 7, 17, 49, 24.05, 22.77, 24.85
2095, 15, 13, 7, 17, 50, 24.02, 22.77, 24.82
2095, 15, 13, 7, 17, 52, 24.05, 22.93, 24.82
2095, 15, 13, 7, 17, 53, 24.05, 23.01, 24.85
2095, 15, 13, 7, 17, 54, 24.02, 22.29, 24.82
2095, 15, 13, 7, 17, 55, 24.05, 21.96, 24.82
2095, 15, 13, 7, 17, 56, 24.05, 22.61, 24.82
2095, 15, 13, 7, 17, 57, 24.07, 22.29, 24.79
2095, 15, 13, 7, 17, 58, 24.05, 22.21, 24.82
2095, 15, 13, 7, 17, 59, 24.02, 23.41, 24.82
2095, 15, 13, 7, 18, 0, 24.09, 22.12, 24.79
2095, 15, 13, 7, 18, 2, 24.02, 22.04, 24.82
2095, 15, 13, 7, 18, 3, 24.05, 21.96, 24.85
2095, 15, 13, 7, 18, 4, 24.00, 22.37, 24.85
2095, 15, 13, 7, 18, 5, 24.00, 22.45, 24.82
2095, 15, 13, 7, 18, 6, 24.02, 22.12, 24.82
2095, 15, 13, 7, 18, 7, 24.00, 21.80, 24.82
2095, 15, 13, 7, 18, 8, 24.07, 21.96, 24.85
2095, 15, 13, 7, 18, 9, 24.22, 22.04, 24.82
2095, 15, 13, 7, 18, 10, 24.00, 22.37, 24.82
2095, 15, 13, 7, 18, 11, 24.05, 23.01, 24.82
2095, 15, 13, 7, 18, 13, 23.94, 22.77, 24.82
2095, 15, 13, 7, 18, 14, 24.05, 23.09, 24.85
2095, 15, 13, 7, 18, 15, 24.05, 22.77, 24.82
2095, 15, 13, 7, 18, 16, 24.13, 22.21, 24.82
2095, 15, 13, 7, 18, 17, 23.98, 22.04, 24.85
2095, 15, 13, 7, 18, 18, 24.07, 22.93, 24.85
2095, 15, 13, 7, 18, 19, 24.07, 22.93, 24.82
2095, 15, 13, 7, 18, 20, 24.07, 22.45, 24.82
2095, 15, 13, 7, 18, 21, 24.22, 22.77, 24.82
2095, 15, 13, 7, 18, 22, 23.98, 22.04, 24.82
2095, 15, 13, 7, 18, 23, 24.09, 22.04, 24.89
2095, 15, 13, 7, 18, 25, 24.05, 22.69, 24.82
2095, 15, 13, 7, 18, 26, 24.09, 22.12, 24.85
2095, 15, 13, 7, 18, 27, 24.05, 22.85, 24.82
2095, 15, 13, 7, 18, 28, 24.05, 23.17, 24.82
2095, 15, 13, 7, 18, 29, 24.09, 22.53, 24.82
2095, 15, 13, 7, 18, 30, 24.00, 23.09, 24.82
2095, 15, 13, 7, 18, 31, 24.02, 23.41, 24.85
2095, 15, 13, 7, 18, 32, 24.02, 21.96, 24.85
2095, 15, 13, 7, 18, 33, 24.00, 23.58, 24.85
2095, 15, 13, 7, 18, 34, 24.05, 23.49, 24.82
2095, 15, 13, 7, 18, 35, 24.05, 22.77, 24.85
2095, 15, 13, 7, 18, 37, 24.02, 22.77, 24.85
2095, 15, 13, 7, 18, 38, 24.05, 23.01, 24.85
2095, 15, 13, 7, 18, 39, 24.05, 22.93, 24.82
2095, 15, 13, 7, 18, 40, 24.00, 23.49, 24.85
2095, 15, 13, 7, 18, 41, 24.09, 22.04, 24.85
2095, 15, 13, 7, 18, 42, 24.00, 24.06, 24.82
2095, 15, 13, 7, 18, 43, 24.07, 22.53, 24.85
2095, 15, 13, 7, 18, 44, 24.05, 22.77, 24.85
2095, 15, 13, 7, 18, 45, 24.00, 22.93, 24.85
2095, 15, 13, 7, 18, 46, 24.02, 22.85, 24.82
2095, 15, 13, 7, 18, 48, 24.02, 22.85, 24.82
2095, 15, 13, 7, 18, 49, 24.02, 22.77, 24.85
2095, 15, 13, 7, 18, 50, 24.05, 23.09, 24.82
2095, 15, 13, 7, 18, 51, 24.05, 22.85, 24.89
2095, 15, 13, 7, 18, 52, 24.05, 22.69, 24.85
2095, 15, 13, 7, 18, 53, 24.02, 23.74, 24.82
2095, 15, 13, 7, 18, 54, 24.05, 22.85, 24.85
2095, 15, 13, 7, 18, 56, 24.07, 23.01, 24.82
2095, 15, 13, 7, 18, 57, 24.05, 22.93, 24.85
2095, 15, 13, 7, 18, 58, 24.05, 22.85, 24.85
2095, 15, 13, 7, 18, 59, 24.02, 23.01, 24.85
2095, 15, 13, 7, 19, 0, 24.02, 22.93, 24.85
2095, 15, 13, 7, 19, 1, 24.02, 23.74, 24.82
2095, 15, 13, 7, 19, 2, 24.02, 23.66, 24.85
2095, 15, 13, 7, 19, 3, 24.02, 23.66, 24.85
2095, 15, 13, 7, 19, 4, 24.07, 22.85, 24.85
2095, 15, 13, 7, 19, 5, 24.05, 22.12, 24.85
2095, 15, 13, 7, 19, 7, 24.02, 22.12, 24.85
2095, 15, 13, 7, 19, 8, 24.00, 22.61, 24.85
2095, 15, 13, 7, 19, 9, 24.02, 22.53, 24.85
2095, 15, 13, 7, 19, 10, 24.02, 22.69, 24.82
2095, 15, 13, 7, 19, 11, 24.02, 22.69, 24.85
2095, 15, 13, 7, 19, 12, 23.98, 23.01, 24.82
2095, 15, 13, 7, 19, 13, 24.16, 22.45, 24.82
2095, 15, 13, 7, 19, 14, 24.05, 23.25, 24.82
2095, 15, 13, 7, 19, 15, 24.02, 22.85, 24.85
2095, 15, 13, 7, 19, 16, 24.00, 23.17, 24.85
2095, 15, 13, 7, 19, 17, 24.00, 23.09, 24.85
2095, 15, 13, 7, 19, 19, 24.02, 22.53, 24.85
2095, 15, 13, 7, 19, 20, 24.00, 22.85, 24.85
2095, 15, 13, 7, 19, 21, 24.00, 22.04, 24.85
2095, 15, 13, 7, 19, 22, 24.00, 23.09, 24.85
2095, 15, 13, 7, 19, 23, 24.00, 22.85, 24.85
2095, 15, 13, 7, 19, 24, 23.98, 22.93, 24.85
2095, 15, 13, 7, 19, 25, 24.00, 21.96, 24.82
2095, 15, 13, 7, 19, 26, 24.00, 22.53, 24.85
2095, 15, 13, 7, 19, 27, 24.02, 22.04, 24.85
2095, 15, 13, 7, 19, 28, 24.00, 22.93, 24.85
2095, 15, 13, 7, 19, 30, 23.98, 22.77, 24.82
2095, 15, 13, 7, 19, 31, 23.98, 22.85, 24.82
2095, 15, 13, 7, 19, 32, 24.00, 22.85, 24.85
2095, 15, 13, 7, 19, 33, 23.94, 22.77, 24.85
2095, 15, 13, 7, 19, 34, 23.96, 22.69, 24.82
2095, 15, 13, 7, 19, 35, 24.00, 22.53, 24.82
2095, 15, 13, 7, 19, 36, 23.98, 22.12, 24.85
2095, 15, 13, 7, 19, 37, 23.94, 22.85, 24.82
2095, 15, 13, 7, 19, 38, 23.94, 23.74, 24.82
2095, 15, 13, 7, 19, 39, 23.96, 22.93, 24.82
2095, 15, 13, 7, 19, 40, 24.00, 22.93, 24.82
2095, 15, 13, 7, 19, 42, 23.94, 22.29, 24.82
2095, 15, 13, 7, 19, 43, 23.98, 22.85, 24.82
2095, 15, 13, 7, 19, 44, 24.00, 22.53, 24.82
2095, 15, 13, 7, 19, 45, 24.00, 22.12, 24.82
2095, 15, 13, 7, 19, 46, 23.98, 23.09, 24.82
2095, 15, 13, 7, 19, 47, 23.98, 22.12, 24.82
2095, 15, 13, 7, 19, 48, 23.96, 22.77, 24.85
2095, 15, 13, 7, 19, 49, 23.96, 23.09, 24.82
2095, 15, 13, 7, 19, 50, 23.94, 22.29, 24.82
2095, 15, 13, 7, 19, 51, 24.02, 22.85, 24.82
2095, 15, 13, 7, 19, 53, 23.94, 22.61, 24.82
2095, 15, 13, 7, 19, 54, 23.96, 23.09, 24.79
2095, 15, 13, 7, 19, 55, 23.92, 22.77, 24.82
2095, 15, 13, 7, 19, 56, 23.98, 22.37, 24.82
2095, 15, 13, 7, 19, 57, 23.94, 22.85, 24.82
2095, 15, 13, 7, 19, 58, 23.96, 22.85, 24.82
2095, 15, 13, 7, 19, 59, 23.94, 22.37, 24.82
2095, 15, 13, 7, 20, 1, 23.96, 22.61, 24.82
2095, 15, 13, 7, 20, 2, 24.00, 21.80, 24.82
2095, 15, 13, 7, 20, 3, 24.02, 22.37, 24.82
2095, 15, 13, 7, 20, 4, 24.00, 22.21, 24.82
2095, 15, 13, 7, 20, 5, 24.07, 22.45, 24.82
2095, 15, 13, 7, 20, 6, 24.00, 22.29, 24.85
2095, 15, 13, 7, 20, 7, 24.02, 22.12, 24.85
2095, 15, 13, 7, 20, 8, 24.02, 22.69, 24.82
2095, 15, 13, 7, 20, 9, 24.02, 22.45, 24.82
2095, 15, 13, 7, 20, 10, 24.00, 22.37, 24.85
2095, 15, 13, 7, 20, 11, 24.02, 22.21, 24.82
2095, 15, 13, 7, 20, 13, 24.02, 22.85, 24.82
2095, 15, 13, 7, 20, 14, 23.94, 23.41, 24.85
2095, 15, 13, 7, 20, 15, 24.00, 22.93, 24.85
2095, 15, 13, 7, 20, 16, 23.98, 22.61, 24.82
2095, 15, 13, 7, 20, 17, 23.98, 22.85, 24.85
2095, 15, 13, 7, 20, 18, 24.00, 22.85, 24.82
2095, 15, 13, 7, 20, 19, 24.02, 23.41, 24.85
2095, 15, 13, 7, 20, 20, 23.96, 23.01, 24.85
2095, 15, 13, 7, 20, 21, 24.00, 23.58, 24.85
2095, 15, 13, 7, 20, 22, 23.98, 23.74, 24.85
2095, 15, 13, 7, 20, 24, 24.05, 23.09, 24.82
2095, 15, 13, 7, 20, 25, 24.02, 22.77, 24.85
2095, 15, 13, 7, 20, 26, 24.05, 22.77, 24.85
2095, 15, 13, 7, 20, 27, 24.02, 23.66, 24.85
2095, 15, 13, 7, 20, 28, 24.05, 23.09, 24.85
2095, 15, 13, 7, 20, 29, 24.05, 22.85, 24.82
2095, 15, 13, 7, 20, 30, 24.02, 23.66, 24.85
2095, 15, 13, 7, 20, 31, 24.07, 23.01, 24.85
2095, 15, 13, 7, 20, 32, 24.02, 22.93, 24.85
2095, 15, 13, 7, 20, 33, 24.02, 23.49, 24.82
2095, 15, 13, 7, 20, 34, 24.05, 22.53, 24.85
2095, 15, 13, 7, 20, 36, 24.00, 23.82, 24.85
2095, 15, 13, 7, 20, 37, 24.07, 23.09, 24.85
2095, 15, 13, 7, 20, 38, 24.05, 23.33, 24.85
2095, 15, 13, 7, 20, 39, 24.02, 23.58, 24.89
2095, 15, 13, 7, 20, 40, 24.02, 22.85, 24.85
2095, 15, 13, 7, 20, 41, 24.05, 22.93, 24.82
2095, 15, 13, 7, 20, 42, 24.05, 22.37, 24.85
2095, 15, 13, 7, 20, 43, 24.02, 22.77, 24.85
2095, 15, 13, 7, 20, 44, 24.09, 22.29, 24.85
2095, 15, 13, 7, 20, 45, 24.02, 23.74, 24.89
2095, 15, 13, 7, 20, 46, 23.98, 23.58, 24.85
2095, 15, 13, 7, 20, 48, 24.00, 22.93, 24.85
2095, 15, 13, 7, 20, 49, 24.00, 23.01, 24.89
2095, 15, 13, 7, 20, 50, 24.02, 23.25, 24.85
2095, 15, 13, 7, 20, 51, 24.05, 22.69, 24.85
2095, 15, 13, 7, 20, 52, 24.05, 22.85, 24.85
2095, 15, 13, 7, 20, 53, 24.00, 23.17, 24.85
2095, 15, 13, 7, 20, 54, 24.05, 22.85, 24.89
2095, 15, 13, 7, 20, 56, 24.00, 23.17, 24.85
2095, 15, 13, 7, 20, 57, 24.11, 23.17, 24.89
2095, 15, 13, 7, 20, 58, 24.05, 23.17, 24.89
2095, 15, 13, 7, 20, 59, 24.02, 23.33, 24.85
2095, 15, 13, 7, 21, 0, 24.05, 23.25, 24.89
2095, 15, 13, 7, 21, 1, 24.07, 22.85, 24.85
2095, 15, 13, 7, 21, 2, 24.09, 22.45, 24.89
2095, 15, 13, 7, 21, 3, 24.02, 22.29, 24.85
2095, 15, 13, 7, 21, 4, 24.18, 22.69, 24.89
2095, 15, 13, 7, 21, 5, 24.07, 21.80, 24.85
2095, 15, 13, 7, 21, 7, 24.07, 22.29, 24.85
2095, 15, 13, 7, 21, 8, 24.07, 22.12, 24.89
2095, 15, 13, 7, 21, 9, 24.07, 22.21, 24.85
2095, 15, 13, 7, 21, 10, 24.07, 22.85, 24.85
2095, 15, 13, 7, 21, 11, 24.05, 23.01, 24.89
2095, 15, 13, 7, 21, 12, 24.02, 23.82, 24.89
2095, 15, 13, 7, 21, 13, 24.11, 23.01, 24.85
2095, 15, 13, 7, 21, 14, 24.09, 22.45, 24.89
2095, 15, 13, 7, 21, 15, 24.20, 23.58, 24.89
2095, 15, 13, 7, 21, 16, 23.98, 21.96, 24.85
2095, 15, 13, 7, 21, 18, 24.07, 22.93, 24.85
2095, 15, 13, 7, 21, 19, 24.00, 22.85, 24.89
2095, 15, 13, 7, 21, 20, 24.05, 23.01, 24.89
2095, 15, 13, 7, 21, 21, 23.98, 23.25, 24.89
2095, 15, 13, 7, 21, 22, 24.05, 23.09, 24.89
2095, 15, 13, 7, 21, 23, 24.07, 22.69, 24.89
2095, 15, 13, 7, 21, 24, 24.13, 23.01, 24.89
2095, 15, 13, 7, 21, 25, 24.05, 22.77, 24.89
2095, 15, 13, 7, 21, 26, 24.11, 22.53, 24.89
2095, 15, 13, 7, 21, 27, 24.05, 23.09, 24.89
2095, 15, 13, 7, 21, 28, 23.92, 22.61, 24.89
2095, 15, 13, 7, 21, 30, 24.02, 22.77, 24.89
2095, 15, 13, 7, 21, 31, 24.09, 22.69, 24.89
2095, 15, 13, 7, 21, 32, 24.02, 23.01, 24.89
2095, 15, 13, 7, 21, 33, 24.09, 23.41, 24.89
2095, 15, 13, 7, 21, 34, 24.05, 23.01, 24.89
2095, 15, 13, 7, 21, 35, 24.05, 22.93, 24.89
2095, 15, 13, 7, 21, 36, 24.02, 23.58, 24.92
2095, 15, 13, 7, 21, 37, 24.07, 22.61, 24.89
2095, 15, 13, 7, 21, 38, 24.24, 22.53, 24.89
2095, 15, 13, 7, 21, 39, 24.09, 22.45, 24.89
2095, 15, 13, 7, 21, 41, 24.09, 23.82, 24.89
2095, 15, 13, 7, 21, 42, 24.07, 22.85, 24.89
2095, 15, 13, 7, 21, 43, 24.07, 22.45, 24.89
2095, 15, 13, 7, 21, 44, 24.02, 23.01, 24.89
2095, 15, 13, 7, 21, 45, 24.05, 23.66, 24.89
2095, 15, 13, 7, 21, 46, 24.31, 22.61, 24.89
2095, 15, 13, 7, 21, 47, 24.09, 22.21, 24.89
2095, 15, 13, 7, 21, 48, 24.11, 23.09, 24.85
2095, 15, 13, 7, 21, 49, 24.09, 23.09, 24.89
2095, 15, 13, 7, 21, 50, 24.09, 22.61, 24.85
2095, 15, 13, 7, 21, 51, 24.09, 23.74, 24.92
2095, 15, 13, 7, 21, 53, 24.07, 23.33, 24.89
2095, 15, 13, 7, 21, 54, 24.09, 22.93, 24.92
2095, 15, 13, 7, 21, 55, 24.09, 22.53, 24.85
2095, 15, 13, 7, 21, 56, 24.07, 23.01, 24.89
2095, 15, 13, 7, 21, 57, 24.09, 22.61, 24.89
2095, 15, 13, 7, 21, 58, 24.05, 23.74, 24.89
2095, 15, 13, 7, 22, 0, 24.02, 23.09, 24.89
2095, 15, 13, 7, 22, 1, 24.07, 23.01, 24.89
2095, 15, 13, 7, 22, 2, 24.07, 22.69, 24.85
2095, 15, 13, 7, 22, 3, 24.09, 22.12, 24.89
2095, 15, 13, 7, 22, 4, 24.29, 23.41, 24.89
2095, 15, 13, 7, 22, 5, 24.09, 22.61, 24.89
2095, 15, 13, 7, 22, 6, 24.11, 22.45, 24.89
2095, 15, 13, 7, 22, 7, 24.09, 22.29, 24.89
2095, 15, 13, 7, 22, 8, 24.07, 22.37, 24.89
2095, 15, 13, 7, 22, 9, 24.09, 22.29, 24.89
2095, 15, 13, 7, 22, 10, 24.09, 22.53, 24.89
2095, 15, 13, 7, 22, 12, 23.98, 23.09, 24.89
2095, 15, 13, 7, 22, 13, 24.02, 23.90, 24.89
2095, 15, 13, 7, 22, 14, 24.05, 23.09, 24.92
2095, 15, 13, 7, 22, 15, 24.09, 23.01, 24.92
2095, 15, 13, 7, 22, 16, 24.02, 23.01, 24.92
2095, 15, 13, 7, 22, 17, 24.05, 22.69, 24.92
2095, 15, 13, 7, 22, 18, 24.09, 22.77, 24.92
2095, 15, 13, 7, 22, 19, 23.98, 23.90, 24.89
2095, 15, 13, 7, 22, 20, 24.05, 23.33, 24.92
2095, 15, 13, 7, 22, 21, 24.05, 22.53, 24.92
2095, 15, 13, 7, 22, 23, 24.02, 23.01, 24.89
2095, 15, 13, 7, 22, 24, 24.07, 23.17, 24.89
2095, 15, 13, 7, 22, 25, 24.07, 23.33, 24.92
2095, 15, 13, 7, 22, 26, 24.07, 22.37, 24.92
2095, 15, 13, 7, 22, 27, 24.09, 23.74, 24.92
2095, 15, 13, 7, 22, 28, 24.02, 22.69, 24.89
2095, 15, 13, 7, 22, 29, 24.05, 23.49, 24.89
2095, 15, 13, 7, 22, 30, 24.07, 21.96, 24.92
2095, 15, 13, 7, 22, 31, 23.98, 23.49, 24.89
2095, 15, 13, 7, 22, 32, 24.05, 21.96, 24.89
2095, 15, 13, 7, 22, 33, 24.05, 23.25, 24.89
2095, 15, 13, 7, 22, 35, 24.27, 23.58, 24.89
2095, 15, 13, 7, 22, 36, 23.96, 22.12, 24.89
2095, 15, 13, 7, 22, 37, 24.05, 23.09, 24.89
2095, 15, 13, 7, 22, 38, 24.02, 22.21, 24.85
2095, 15, 13, 7, 22, 39, 24.02, 23.17, 24.89
2095, 15, 13, 7, 22, 40, 24.05, 23.25, 24.89
2095, 15, 13, 7, 22, 41, 24.00, 23.17, 24.89
2095, 15, 13, 7, 22, 42, 24.02, 23.33, 24.85
2095, 15, 13, 7, 22, 43, 24.02, 23.17, 24.89
2095, 15, 13, 7, 22, 44, 24.00, 23.90, 24.89
2095, 15, 13, 7, 22, 45, 24.02, 22.93, 24.89
2095, 15, 13, 7, 22, 47, 24.20, 22.93, 24.85
2095, 15, 13, 7, 22, 48, 24.07, 23.17, 24.89
2095, 15, 13, 7, 22, 49, 24.02, 23.01, 24.85
2095, 15, 13, 7, 22, 50, 24.02, 22.93, 24.85
2095, 15, 13, 7, 22, 51, 24.05, 22.93, 24.89
2095, 15, 13, 7, 22, 52, 24.02, 22.93, 24.85
2095, 15, 13, 7, 22, 53, 24.02, 23.25, 24.89
2095, 15, 13, 7, 22, 54, 24.02, 22.93, 24.85
2095, 15, 13, 7, 22, 55, 24.05, 22.53, 24.89
2095, 15, 13, 7, 22, 56, 24.05, 22.12, 24.89
2095, 15, 13, 7, 22, 58, 24.02, 22.77, 24.85
2095, 15, 13, 7, 22, 59, 23.94, 21.56, 24.85
2095, 15, 13, 7, 23, 0, 24.05, 22.37, 24.89
2095, 15, 13, 7, 23, 1, 23.98, 23.58, 24.85
2095, 15, 13, 7, 23, 2, 24.07, 22.21, 24.85
2095, 15, 13, 7, 23, 3, 23.98, 22.37, 24.85
2095, 15, 13, 7, 23, 4, 24.02, 22.61, 24.85
2095, 15, 13, 7, 23, 6, 24.05, 22.12, 24.85
2095, 15, 13, 7, 23, 7, 24.05, 22.29, 24.89
2095, 15, 13, 7, 23, 8, 24.02, 22.53, 24.85
2095, 15, 13, 7, 23, 9, 24.05, 21.80, 24.85
2095, 15, 13, 7, 23, 10, 24.05, 22.29, 24.89
2095, 15, 13, 7, 23, 11, 24.05, 24.22, 24.85
2095, 15, 13, 7, 23, 12, 24.00, 22.93, 24.85
2095, 15, 13, 7, 23, 13, 24.07, 23.09, 24.89
2095, 15, 13, 7, 23, 14, 24.05, 23.01, 24.89
2095, 15, 13, 7, 23, 15, 24.02, 23.09, 24.85
2095, 15, 13, 7, 23, 17, 24.05, 22.45, 24.85
2095, 15, 13, 7, 23, 18, 24.05, 23.01, 24.89
2095, 15, 13, 7, 23, 19, 24.07, 23.01, 24.89
2095, 15, 13, 7, 23, 20, 24.07, 23.01, 24.85
2095, 15, 13, 7, 23, 21, 24.05, 23.09, 24.85
2095, 15, 13, 7, 23, 22, 24.02, 23.66, 24.85
2095, 15, 13, 7, 23, 23, 23.85, 23.01, 24.85
2095, 15, 13, 7, 23, 24, 24.09, 22.93, 24.85
2095, 15, 13, 7, 23, 25, 24.09, 23.17, 24.85
2095, 15, 13, 7, 23, 26, 24.02, 23.90, 24.89
2095, 15, 13, 7, 23, 27, 24.07, 23.01, 24.85
2095, 15, 13, 7, 23, 29, 24.11, 23.17, 24.89
2095, 15, 13, 7, 23, 30, 24.09, 23.01, 24.89
2095, 15, 13, 7, 23, 31, 24.05, 22.93, 24.89
2095, 15, 13, 7, 23, 32, 24.02, 23.82, 24.89
2095, 15, 13, 7, 23, 33, 24.05, 22.93, 24.89
2095, 15, 13, 7, 23, 34, 24.09, 22.53, 24.89
2095, 15, 13, 7, 23, 35, 24.07, 23.01, 24.89
2095, 15, 13, 7, 23, 36, 24.09, 22.61, 24.89
2095, 15, 13, 7, 23, 37, 24.09, 23.01, 24.85
2095, 15, 13, 7, 23, 38, 24.07, 23.66, 24.89
2095, 15, 13, 7, 23, 39, 24.07, 23.09, 24.89
2095, 15, 13, 7, 23, 41, 24.07, 22.93, 24.89
2095, 15, 13, 7, 23, 42, 24.02, 23.01, 24.85
2095, 15, 13, 7, 23, 43, 24.13, 23.17, 24.89
2095, 15, 13, 7, 23, 44, 24.09, 22.21, 24.89
2095, 15, 13, 7, 23, 45, 24.07, 22.21, 24.89
2095, 15, 13, 7, 23, 46, 24.02, 23.66, 24.89
2095, 15, 13, 7, 23, 47, 24.07, 22.21, 24.89
2095, 15, 13, 7, 23, 48, 24.05, 23.82, 24.89
2095, 15, 13, 7, 23, 49, 23.96, 23.09, 24.85
2095, 15, 13, 7, 23, 50, 24.07, 22.69, 24.92
2095, 15, 13, 7, 23, 52, 24.07, 23.58, 24.89
2095, 15, 13, 7, 23, 53, 24.05, 22.04, 24.89
2095, 15, 13, 7, 23, 54, 24.05, 22.29, 24.89
2095, 15, 13, 7, 23, 55, 24.07, 23.01, 24.89
2095, 15, 13, 7, 23, 56, 24.05, 23.09, 24.85
2095, 15, 13, 7, 23, 57, 24.07, 22.61, 24.89
2095, 15, 13, 7, 23, 58, 24.00, 22.93, 24.89
2095, 15, 13, 7, 23, 59, 24.02, 24.78, 24.85
2095, 15, 13, 7, 24, 1, 24.09, 22.61, 24.89
2095, 15, 13, 7, 24, 2, 24.09, 22.69, 24.89
2095, 15, 13, 7, 24, 3, 24.05, 22.77, 24.89
2095, 15, 13, 7, 24, 4, 24.09, 22.37, 24.89
2095, 15, 13, 7, 24, 5, 24.22, 22.61, 24.89
2095, 15, 13, 7, 24, 6, 24.02, 23.74, 24.89
2095, 15, 13, 7, 24, 7, 24.09, 22.29, 24.89
2095, 15, 13, 7, 24, 8, 24.09, 22.61, 24.89
2095, 15, 13, 7, 24, 10, 24.09, 22.61, 24.89
2095, 15, 13, 7, 24, 11, 24.07, 22.69, 24.89
2095, 15, 13, 7, 24, 12, 24.09, 23.01, 24.89
2095, 15, 13, 7, 24, 13, 24.09, 22.69, 24.89
2095, 15, 13, 7, 24, 14, 24.09, 22.29, 24.89
2095, 15, 13, 7, 24, 15, 24.07, 23.01, 24.89
2095, 15, 13, 7, 24, 16, 24.05, 23.66, 24.89
2095, 15, 13, 7, 24, 17, 24.05, 23.25, 24.89
2095, 15, 13, 7, 24, 18, 24.05, 22.61, 24.89
2095, 15, 13, 7, 24, 19, 24.07, 23.17, 24.89
2095, 15, 13, 7, 24, 21, 24.05, 23.25, 24.89
2095, 15, 13, 7, 24, 22, 24.31, 23.58, 24.89
2095, 15, 13, 7, 24, 23, 24.07, 23.33, 24.92
2095, 15, 13, 7, 24, 24, 24.05, 23.33, 24.92
2095, 15, 13, 7, 24, 25, 24.07, 22.85, 24.89
2095, 15, 13, 7, 24, 26, 24.07, 23.41, 24.89
2095, 15, 13, 7, 24, 27, 24.09, 23.33, 24.89
2095, 15, 13, 7, 24, 28, 24.05, 23.41, 24.89
2095, 15, 13, 7, 24, 29, 24.07, 23.09, 24.89
2095, 15, 13, 7, 24, 30, 23.98, 23.90, 24.89
2095, 15, 13, 7, 24, 31, 24.09, 23.01, 24.92
2095, 15, 13, 7, 24, 33, 24.11, 22.77, 24.92
2095, 15, 13, 7, 24, 34, 24.09, 23.33, 24.89
2095, 15, 13, 7, 24, 35, 24.07, 22.45, 24.92
2095, 15, 13, 7, 24, 36, 24.07, 23.01, 24.89
2095, 15, 13, 7, 24, 37, 24.07, 23.25, 24.89
2095, 15, 13, 7, 24, 38, 24.09, 23.01, 24.89
2095, 15, 13, 7, 24, 39, 24.07, 24.30, 24.92
2095, 15, 13, 7, 24, 40, 24.07, 23.17, 24.92
2095, 15, 13, 7, 24, 41, 24.20, 23.09, 24.92
2095, 15, 13, 7, 24, 42, 24.05, 23.25, 24.89
2095, 15, 13, 7, 24, 43, 24.05, 22.77, 24.92
2095, 15, 13, 7, 24, 45, 24.11, 23.17, 24.92
2095, 15, 13, 7, 24, 46, 24.05, 23.09, 24.89
2095, 15, 13, 7, 24, 47, 24.00, 23.49, 24.92
2095, 15, 13, 7, 24, 48, 24.07, 23.01, 24.92
2095, 15, 13, 7, 24, 49, 24.11, 22.69, 24.89
2095, 15, 13, 7, 24, 50, 24.09, 22.37, 24.92
2095, 15, 13, 7, 24, 51, 24.05, 22.37, 24.92
2095, 15, 13, 7, 24, 52, 24.07, 23.82, 24.92
2095, 15, 13, 7, 24, 53, 24.07, 22.21, 24.89
2095, 15, 13, 7, 24, 54, 24.11, 24.38, 24.92
2095, 15, 13, 7, 24, 56, 24.09, 22.53, 24.92
2095, 15, 13, 7, 24, 57, 24.11, 22.61, 24.89
2095, 15, 13, 7, 24, 58, 24.13, 22.45, 24.89
2095, 15, 13, 7, 24, 59, 24.09, 21.80, 24.92
2095, 15, 13, 7, 25, 0, 24.09, 22.61, 24.92
2095, 15, 13, 7, 25, 1, 24.00, 23.17, 24.92
2095, 15, 13, 7, 25, 2, 24.07, 23.66, 24.92
2095, 15, 13, 7, 25, 4, 24.09, 22.29, 24.92
2095, 15, 13, 7, 25, 5, 24.09, 22.37, 24.92
2095, 15, 13, 7, 25, 6, 24.09, 22.45, 24.92
2095, 15, 13, 7, 25, 7, 24.07, 22.77, 24.92
2095, 15, 13, 7, 25, 8, 24.07, 22.61, 24.92
2095, 15, 13, 7, 25, 9, 24.07, 23.58, 24.92
2095, 15, 13, 7, 25, 10, 24.11, 21.88, 24.92
2095, 15, 13, 7, 25, 11, 24.07, 23.98, 24.92
2095, 15, 13, 7, 25, 12, 24.09, 23.09, 24.96
2095, 15, 13, 7, 25, 13, 24.07, 23.33, 24.92
2095, 15, 13, 7, 25, 15, 24.07, 23.09, 24.92
2095, 15, 13, 7, 25, 16, 24.05, 22.69, 24.92
2095, 15, 13, 7, 25, 17, 24.09, 23.33, 24.92
2095, 15, 13, 7, 25, 18, 24.09, 22.77, 24.92
2095, 15, 13, 7, 25, 19, 24.05, 22.37, 24.92
2095, 15, 13, 7, 25, 20, 24.00, 23.74, 24.89
2095, 15, 13, 7, 25, 21, 24.09, 23.90, 24.92
2095, 15, 13, 7, 25, 22, 24.09, 23.01, 24.89
2095, 15, 13, 7, 25, 23, 24.07, 22.61, 24.92
2095, 15, 13, 7, 25, 24, 24.05, 23.25, 24.92
2095, 15, 13, 7, 25, 25, 24.07, 23.01, 24.92
2095, 15, 13, 7, 25, 27, 24.02, 24.22, 24.89
2095, 15, 13, 7, 25, 28, 24.05, 22.21, 24.92
2095, 15, 13, 7, 25, 29, 24.02, 23.01, 24.92
2095, 15, 13, 7, 25, 30, 24.05, 23.17, 24.92
2095, 15, 13, 7, 25, 31, 24.02, 23.01, 24.92
2095, 15, 13, 7, 25, 32, 24.05, 23.17, 24.92
2095, 15, 13, 7, 25, 33, 24.02, 23.17, 24.89
2095, 15, 13, 7, 25, 34, 24.05, 23.01, 24.89
2095, 15, 13, 7, 25, 35, 24.00, 23.01, 24.89
2095, 15, 13, 7, 25, 36, 24.20, 23.25, 24.92
2095, 15, 13, 7, 25, 38, 24.35, 23.74, 24.92
2095, 15, 13, 7, 25, 39, 24.05, 22.93, 24.89
2095, 15, 13, 7, 25, 40, 24.02, 22.93, 24.89
2095, 15, 13, 7, 25, 41, 24.05, 23.09, 24.89
2095, 15, 13, 7, 25, 42, 24.02, 23.49, 24.92
2095, 15, 13, 7, 25, 43, 24.07, 22.69, 24.92
2095, 15, 13, 7, 25, 44, 24.05, 22.61, 24.89
2095, 15, 13, 7, 25, 45, 24.07, 23.17, 24.92
2095, 15, 13, 7, 25, 46, 24.05, 23.01, 24.92
2095, 15, 13, 7, 25, 47, 24.02, 23.01, 24.89
2095, 15, 13, 7, 25, 48, 24.05, 23.09, 24.89
2095, 15, 13, 7, 25, 50, 24.31, 22.85, 24.92
2095, 15, 13, 7, 25, 51, 24.09, 21.72, 24.92
2095, 15, 13, 7, 25, 52, 24.07, 23.01, 24.89
2095, 15, 13, 7, 25, 53, 24.13, 22.93, 24.92
2095, 15, 13, 7, 25, 54, 24.05, 23.49, 24.89
2095, 15, 13, 7, 25, 55, 24.07, 23.01, 24.92
2095, 15, 13, 7, 25, 56, 24.07, 23.17, 24.89
2095, 15, 13, 7, 25, 57, 24.07, 23.33, 24.89
2095, 15, 13, 7, 25, 58, 24.07, 23.25, 24.89
2095, 15, 13, 7, 25, 59, 24.11, 22.61, 24.89
2095, 15, 13, 7, 26, 0, 24.07, 23.17, 24.92
2095, 15, 13, 7, 26, 2, 24.05, 23.90, 24.89
2095, 15, 13, 7, 26, 3, 24.05, 23.25, 24.92
2095, 15, 13, 7, 26, 4, 24.07, 22.61, 24.92
2095, 15, 13, 7, 26, 5, 24.09, 22.77, 24.89
2095, 15, 13, 7, 26, 6, 24.02, 22.85, 24.89
2095, 15, 13, 7, 26, 7, 24.07, 23.01, 24.89
2095, 15, 13, 7, 26, 9, 24.05, 23.98, 24.89
2095, 15, 13, 7, 26, 10, 24.07, 22.85, 24.92
2095, 15, 13, 7, 26, 11, 24.05, 23.33, 24.92
2095, 15, 13, 7, 26, 12, 24.05, 23.58, 24.89
2095, 15, 13, 7, 26, 13, 24.05, 23.09, 24.89
2095, 15, 13, 7, 26, 14, 24.02, 22.85, 24.89
2095, 15, 13, 7, 26, 15, 24.07, 23.09, 24.89
2095, 15, 13, 7, 26, 16, 24.24, 22.45, 24.89
2095, 15, 13, 7, 26, 17, 24.05, 24.14, 24.89
2095, 15, 13, 7, 26, 18, 24.02, 23.74, 24.89
2095, 15, 13, 7, 26, 19, 24.02, 22.93, 24.89
2095, 15, 13, 7, 26, 21, 24.02, 23.09, 24.89
2095, 15, 13, 7, 26, 22, 24.05, 23.01, 24.89
2095, 15, 13, 7, 26, 23, 24.05, 23.09, 24.92
2095, 15, 13, 7, 26, 24, 24.24, 22.45, 24.92
2095, 15, 13, 7, 26, 25, 24.05, 23.25, 24.89
2095, 15, 13, 7, 26, 26, 24.00, 23.17, 24.89
2095, 15, 13, 7, 26, 27, 24.07, 22.93, 24.89
2095, 15, 13, 7, 26, 28, 24.00, 22.29, 24.92
2095, 15, 13, 7, 26, 29, 24.20, 23.17, 24.92
2095, 15, 13, 7, 26, 30, 24.07, 23.09, 24.89
2095, 15, 13, 7, 26, 32, 24.13, 23.09, 24.92
2095, 15, 13, 7, 26, 33, 24.05, 23.17, 24.92
2095, 15, 13, 7, 26, 34, 24.05, 23.01, 24.89
2095, 15, 13, 7, 26, 35, 24.09, 22.69, 24.92
2095, 15, 13, 7, 26, 36, 24.07, 22.37, 24.89
2095, 15, 13, 7, 26, 37, 24.05, 23.82, 24.92
2095, 15, 13, 7, 26, 38, 24.07, 23.17, 24.89
2095, 15, 13, 7, 26, 39, 24.07, 23.01, 24.89
2095, 15, 13, 7, 26, 40, 24.02, 23.82, 24.92
2095, 15, 13, 7, 26, 41, 24.07, 22.69, 24.89
2095, 15, 13, 7, 26, 42, 24.07, 22.69, 24.89
2095, 15, 13, 7, 26, 44, 24.05, 22.37, 24.89
2095, 15, 13, 7, 26, 45, 24.09, 23.66, 24.89
2095, 15, 13, 7, 26, 46, 24.09, 22.37, 24.89
2095, 15, 13, 7, 26, 47, 24.07, 23.17, 24.92
2095, 15, 13, 7, 26, 48, 24.02, 23.09, 24.89
2095, 15, 13, 7, 26, 49, 24.02, 22.53, 24.89
2095, 15, 13, 7, 26, 50, 24.02, 22.61, 24.89
2095, 15, 13, 7, 26, 51, 24.09, 22.53, 24.85
2095, 15, 13, 7, 26, 52, 24.07, 23.09, 24.89
2095, 15, 13, 7, 26, 53, 24.02, 22.04, 24.89
2095, 15, 13, 7, 26, 55, 24.02, 23.01, 24.89
2095, 15, 13, 7, 26, 56, 24.02, 23.17, 24.89
2095, 15, 13, 7, 26, 57, 24.02, 22.69, 24.89
2095, 15, 13, 7, 26, 58, 24.00, 22.53, 24.89
2095, 15, 13, 7, 26, 59, 24.00, 22.61, 24.85
2095, 15, 13, 7, 27, 0, 24.02, 23.09, 24.85
2095, 15, 13, 7, 27, 1, 24.00, 23.90, 24.85
2095, 15, 13, 7, 27, 2, 23.98, 22.45, 24.82
2095, 15, 13, 7, 27, 3, 24.02, 22.77, 24.82
2095, 15, 13, 7, 27, 5, 24.00, 22.53, 24.82
2095, 15, 13, 7, 27, 6, 23.96, 23.66, 24.82
2095, 15, 13, 7, 27, 7, 24.07, 22.29, 24.79
2095, 15, 13, 7, 27, 8, 23.98, 22.21, 24.79
2095, 15, 13, 7, 27, 9, 23.98, 22.21, 24.82
2095, 15, 13, 7, 27, 10, 23.98, 22.21, 24.82
2095, 15, 13, 7, 27, 11, 23.96, 23.49, 24.75
2095, 15, 13, 7, 27, 12, 23.96, 22.85, 24.79
2095, 15, 13, 7, 27, 14, 23.94, 22.93, 24.79
2095, 15, 13, 7, 27, 15, 23.94, 23.01, 24.79
2095, 15, 13, 7, 27, 16, 23.96, 22.53, 24.79
2095, 15, 13, 7, 27, 17, 23.94, 22.53, 24.75
2095, 15, 13, 7, 27, 18, 23.92, 23.01, 24.75
2095, 15, 13, 7, 27, 19, 23.94, 22.93, 24.75
2095, 15, 13, 7, 27, 20, 23.94, 22.93, 24.75
2095, 15, 13, 7, 27, 21, 23.96, 22.37, 24.75
2095, 15, 13, 7, 27, 22, 23.94, 22.93, 24.75
2095, 15, 13, 7, 27, 23, 23.94, 22.45, 24.75
2095, 15, 13, 7, 27, 24, 23.94, 22.21, 24.72
2095, 15, 13, 7, 27, 26, 23.89, 23.49, 24.75
2095, 15, 13, 7, 27, 27, 23.92, 22.53, 24.75
2095, 15, 13, 7, 27, 28, 23.94, 22.93, 24.72
2095, 15, 13, 7, 27, 29, 23.96, 22.69, 24.75
2095, 15, 13, 7, 27, 30, 23.94, 23.66, 24.75
2095, 15, 13, 7, 27, 31, 24.00, 22.61, 24.75
2095, 15, 13, 7, 27, 32, 23.96, 22.61, 24.75
2095, 15, 13, 7, 27, 33, 23.96, 23.01, 24.75
2095, 15, 13, 7, 27, 34, 23.96, 23.74, 24.79
2095, 15, 13, 7, 27, 35, 23.94, 23.82, 24.79
2095, 15, 13, 7, 27, 36, 24.00, 23.17, 24.79
2095, 15, 13, 7, 27, 38, 24.00, 22.45, 24.79
2095, 15, 13, 7, 27, 39, 23.89, 23.33, 24.75
2095, 15, 13, 7, 27, 40, 23.96, 23.17, 24.75
2095, 15, 13, 7, 27, 41, 23.94, 22.85, 24.75
2095, 15, 13, 7, 27, 42, 24.00, 22.77, 24.79
2095, 15, 13, 7, 27, 43, 23.96, 23.25, 24.75
2095, 15, 13, 7, 27, 44, 23.98, 22.29, 24.79
2095, 15, 13, 7, 27, 45, 24.00, 23.09, 24.75
2095, 15, 13, 7, 27, 46, 23.98, 23.25, 24.79
2095, 15, 13, 7, 27, 47, 23.96, 23.01, 24.75
2095, 15, 13, 7, 27, 49, 23.96, 23.09, 24.75
2095, 15, 13, 7, 27, 50, 23.94, 23.17, 24.79
2095, 15, 13, 7, 27, 51, 23.92, 23.90, 24.79
2095, 15, 13, 7, 27, 52, 23.98, 22.85, 24.79
2095, 15, 13, 7, 27, 53, 23.94, 22.85, 24.75
2095, 15, 13, 7, 27, 54, 23.98, 23.25, 24.79
2095, 15, 13, 7, 27, 55, 23.98, 23.98, 24.75
2095, 15, 13, 7, 27, 56, 23.98, 22.29, 24.82
2095, 15, 13, 7, 27, 57, 23.98, 23.17, 24.79
2095, 15, 13, 7, 27, 58, 23.98, 23.74, 24.79
2095, 15, 13, 7, 27, 59, 23.96, 23.17, 24.79
2095, 15, 13, 7, 28, 1, 23.98, 23.41, 24.75
2095, 15, 13, 7, 28, 2, 23.98, 22.29, 24.79
2095, 15, 13, 7, 28, 3, 23.96, 22.21, 24.79
2095, 15, 13, 7, 28, 4, 23.98, 22.37, 24.79
2095, 15, 13, 7, 28, 5, 23.98, 23.01, 24.75
2095, 15, 13, 7, 28, 6, 23.94, 22.45, 24.79
2095, 15, 13, 7, 28, 8, 23.98, 22.37, 24.79
2095, 15, 13, 7, 28, 9, 23.96, 22.29, 24.79
2095, 15, 13, 7, 28, 10, 24.00, 22.12, 24.75
2095, 15, 13, 7, 28, 11, 23.98, 22.85, 24.79
2095, 15, 13, 7, 28, 12, 23.98, 23.01, 24.75
2095, 15, 13, 7, 28, 13, 23.98, 23.09, 24.79
2095, 15, 13, 7, 28, 14, 23.92, 23.74, 24.79
2095, 15, 13, 7, 28, 15, 23.98, 23.01, 24.79
2095, 15, 13, 7, 28, 16, 23.98, 22.69, 24.79
2095, 15, 13, 7, 28, 17, 24.00, 22.29, 24.79
2095, 15, 13, 7, 28, 18, 23.98, 23.17, 24.75
2095, 15, 13, 7, 28, 20, 23.98, 22.93, 24.82
2095, 15, 13, 7, 28, 21, 23.98, 23.17, 24.79
2095, 15, 13, 7, 28, 22, 23.98, 22.93, 24.79
2095, 15, 13, 7, 28, 23, 23.94, 23.66, 24.79
2095, 15, 13, 7, 28, 24, 23.96, 23.01, 24.79
2095, 15, 13, 7, 28, 25, 23.98, 22.45, 24.75
2095, 15, 13, 7, 28, 26, 23.96, 22.29, 24.79
2095, 15, 13, 7, 28, 27, 23.96, 23.82, 24.75
2095, 15, 13, 7, 28, 28, 23.94, 22.77, 24.79
2095, 15, 13, 7, 28, 29, 24.07, 23.01, 24.75
2095, 15, 13, 7, 28, 30, 23.96, 22.93, 24.75
2095, 15, 13, 7, 28, 32, 23.92, 23.66, 24.75
2095, 15, 13, 7, 28, 33, 23.98, 23.09, 24.79
2095, 15, 13, 7, 28, 34, 23.98, 22.69, 24.79
2095, 15, 13, 7, 28, 35, 24.00, 22.12, 24.79
2095, 15, 13, 7, 28, 36, 23.96, 23.49, 24.79
2095, 15, 13, 7, 28, 37, 24.00, 22.37, 24.79
2095, 15, 13, 7, 28, 38, 23.96, 23.09, 24.79
2095, 15, 13, 7, 28, 39, 23.94, 23.17, 24.75
2095, 15, 13, 7, 28, 40, 23.96, 22.69, 24.79
2095, 15, 13, 7, 28, 41, 23.96, 22.85, 24.79
2095, 15, 13, 7, 28, 43, 23.96, 22.77, 24.79
2095, 15, 13, 7, 28, 44, 23.94, 22.37, 24.79
2095, 15, 13, 7, 28, 45, 23.92, 22.61, 24.79
2095, 15, 13, 7, 28, 46, 24.00, 22.29, 24.79
2095, 15, 13, 7, 28, 47, 23.98, 23.01, 24.79
2095, 15, 13, 7, 28, 48, 23.94, 23.01, 24.75
2095, 15, 13, 7, 28, 49, 23.96, 22.85, 24.79
2095, 15, 13, 7, 28, 50, 23.89, 23.01, 24.79
2095, 15, 13, 7, 28, 51, 23.78, 22.85, 24.79
2095, 15, 13, 7, 28, 52, 23.92, 23.58, 24.79
2095, 15, 13, 7, 28, 53, 23.94, 22.77, 24.75
2095, 15, 13, 7, 28, 55, 23.96, 22.21, 24.75
2095, 15, 13, 7, 28, 56, 23.96, 22.61, 24.75
2095, 15, 13, 7, 28, 57, 23.98, 22.93, 24.75
2095, 15, 13, 7, 28, 58, 23.98, 22.45, 24.79
2095, 15, 13, 7, 28, 59, 23.96, 22.21, 24.75
2095, 15, 13, 7, 29, 0, 23.92, 23.66, 24.75
2095, 15, 13, 7, 29, 1, 23.96, 22.37, 24.75
2095, 15, 13, 7, 29, 2, 23.96, 22.21, 24.79
2095, 15, 13, 7, 29, 3, 23.96, 22.04, 24.79
2095, 15, 13, 7, 29, 4, 23.96, 22.29, 24.79
2095, 15, 13, 7, 29, 6, 23.98, 22.21, 24.75
2095, 15, 13, 7, 29, 7, 23.96, 23.09, 24.79
2095, 15, 13, 7, 29, 8, 23.96, 22.61, 24.75
2095, 15, 13, 7, 29, 9, 23.92, 22.29, 24.75
2095, 15, 13, 7, 29, 10, 23.94, 22.29, 24.75
2095, 15, 13, 7, 29, 11, 23.87, 22.93, 24.75
2095, 15, 13, 7, 29, 12, 23.94, 23.01, 24.75
2095, 15, 13, 7, 29, 14, 23.92, 22.85, 24.75
2095, 15, 13, 7, 29, 15, 23.87, 22.93, 24.79
2095, 15, 13, 7, 29, 16, 23.87, 23.58, 24.75
2095, 15, 13, 7, 29, 17, 23.94, 22.77, 24.79
2095, 15, 13, 7, 29, 18, 23.92, 22.61, 24.75
2095, 15, 13, 7, 29, 19, 23.92, 22.04, 24.75
2095, 15, 13, 7, 29, 20, 23.92, 23.09, 24.75
2095, 15, 13, 7, 29, 21, 23.94, 23.09, 24.75
2095, 15, 13, 7, 29, 22, 23.92, 22.37, 24.75
2095, 15, 13, 7, 29, 23, 23.89, 22.85, 24.75
2095, 15, 13, 7, 29, 25, 23.89, 24.14, 24.75
2095, 15, 13, 7, 29, 26, 23.89, 22.61, 24.75
2095, 15, 13, 7, 29, 27, 23.92, 23.58, 24.75
2095, 15, 13, 7, 29, 28, 23.94, 23.01, 24.75
2095, 15, 13, 7, 29, 29, 24.09, 22.37, 24.75
2095, 15, 13, 7, 29, 30, 23.92, 22.93, 24.75
2095, 15, 13, 7, 29, 31, 23.92, 23.01, 24.75
2095, 15, 13, 7, 29, 32, 23.85, 23.17, 24.75
2095, 15, 13, 7, 29, 33, 23.87, 23.25, 24.72
2095, 15, 13, 7, 29, 34, 23.94, 22.85, 24.79
2095, 15, 13, 7, 29, 35, 23.92, 23.98, 24.75
2095, 15, 13, 7, 29, 37, 23.94, 22.45, 24.75
2095, 15, 13, 7, 29, 38, 23.89, 23.90, 24.75
2095, 15, 13, 7, 29, 39, 23.96, 22.45, 24.75
2095, 15, 13, 7, 29, 40, 23.94, 23.01, 24.75
2095, 15, 13, 7, 29, 41, 23.94, 22.85, 24.75
2095, 15, 13, 7, 29, 42, 23.94, 23.01, 24.75
2095, 15, 13, 7, 29, 43, 23.96, 22.93, 24.79
2095, 15, 13, 7, 29, 44, 23.98, 23.01, 24.75
2095, 15, 13, 7, 29, 45, 23.98, 22.77, 24.79
2095, 15, 13, 7, 29, 46, 23.96, 23.01, 24.75
2095, 15, 13, 7, 29, 47, 24.00, 22.61, 24.79
2095, 15, 13, 7, 29, 49, 23.96, 22.77, 24.75
2095, 15, 13, 7, 29, 50, 23.98, 22.12, 24.75
2095, 15, 13, 7, 29, 51, 23.94, 23.01, 24.79
2095, 15, 13, 7, 29, 52, 23.98, 23.17, 24.79
2095, 15, 13, 7, 29, 53, 23.96, 23.41, 24.79
2095, 15, 13, 7, 29, 54, 23.96, 23.58, 24.79
2095, 15, 13, 7, 29, 55, 23.98, 22.53, 24.75
2095, 15, 13, 7, 29, 56, 24.00, 22.61, 24.75
2095, 15, 13, 7, 29, 57, 23.94, 23.17, 24.79
2095, 15, 13, 7, 29, 58, 23.96, 23.33, 24.79
2095, 15, 13, 7, 30, 0, 23.94, 23.01, 24.79
2095, 15, 13, 7, 30, 1, 23.89, 23.66, 24.79
2095, 15, 13, 7, 30, 2, 23.96, 22.21, 24.79
2095, 15, 13, 7, 30, 3, 23.96, 22.77, 24.79
2095, 15, 13, 7, 30, 4, 23.94, 22.29, 24.79
2095, 15, 13, 7, 30, 5, 23.89, 22.61, 24.79
2095, 15, 13, 7, 30, 6, 23.94, 22.77, 24.79
2095, 15, 13, 7, 30, 7, 23.94, 22.53, 24.79
2095, 15, 13, 7, 30, 8, 23.92, 22.69, 24.79
2095, 15, 13, 7, 30, 10, 23.92, 22.45, 24.79
2095, 15, 13, 7, 30, 11, 23.94, 23.66, 24.79
2095, 15, 13, 7, 30, 12, 23.92, 22.37, 24.79
2095, 15, 13, 7, 30, 13, 24.02, 23.33, 24.79
2095, 15, 13, 7, 30, 14, 23.92, 23.58, 24.75
2095, 15, 13, 7, 30, 15, 23.94, 22.85, 24.79
2095, 15, 13, 7, 30, 16, 23.92, 22.85, 24.79
2095, 15, 13, 7, 30, 17, 23.87, 22.85, 24.79
2095, 15, 13, 7, 30, 19, 23.94, 22.93, 24.75
2095, 15, 13, 7, 30, 20, 23.94, 23.74, 24.75
2095, 15, 13, 7, 30, 21, 23.92, 23.33, 24.79
2095, 15, 13, 7, 30, 22, 23.94, 23.82, 24.79
2095, 15, 13, 7, 30, 23, 23.92, 23.66, 24.79
2095, 15, 13, 7, 30, 24, 23.85, 23.09, 24.79
2095, 15, 13, 7, 30, 25, 23.94, 23.33, 24.79
2095, 15, 13, 7, 30, 26, 23.96, 23.01, 24.79
2095, 15, 13, 7, 30, 27, 23.94, 23.17, 24.79
2095, 15, 13, 7, 30, 28, 23.96, 23.17, 24.79
2095, 15, 13, 7, 30, 29, 23.98, 22.93, 24.79
2095, 15, 13, 7, 30, 31, 23.98, 23.01, 24.79
2095, 15, 13, 7, 30, 32, 23.94, 23.66, 24.79
2095, 15, 13, 7, 30, 33, 23.92, 23.66, 24.79
2095, 15, 13, 7, 30, 34, 23.94, 22.93, 24.79
2095, 15, 13, 7, 30, 35, 23.96, 22.85, 24.79
2095, 15, 13, 7, 30, 36, 23.89, 23.58, 24.82
2095, 15, 13, 7, 30, 37, 23.98, 22.45, 24.82
2095, 15, 13, 7, 30, 38, 23.94, 23.01, 24.79
2095, 15, 13, 7, 30, 39, 23.96, 22.61, 24.79
2095, 15, 13, 7, 30, 40, 23.94, 23.01, 24.79
2095, 15, 13, 7, 30, 42, 23.96, 22.61, 24.82
2095, 15, 13, 7, 30, 43, 24.00, 22.29, 24.79
2095, 15, 13, 7, 30, 44, 23.94, 24.46, 24.79
2095, 15, 13, 7, 30, 45, 23.96, 22.53, 24.79
2095, 15, 13, 7, 30, 46, 23.96, 22.93, 24.82
2095, 15, 13, 7, 30, 47, 23.94, 23.01, 24.79
2095, 15, 13, 7, 30, 48, 23.96, 23.66, 24.79
2095, 15, 13, 7, 30, 49, 23.98, 22.69, 24.82
2095, 15, 13, 7, 30, 50, 23.98, 22.53, 24.79
2095, 15, 13, 7, 30, 51, 23.98, 22.21, 24.79
2095, 15, 13, 7, 30, 52, 23.92, 23.58, 24.82
2095, 15, 13, 7, 30, 54, 23.98, 22.29, 24.82
2095, 15, 13, 7, 30, 55, 24.09, 23.09, 24.79
2095, 15, 13, 7, 30, 56, 23.92, 22.45, 24.79
2095, 15, 13, 7, 30, 57, 24.00, 23.17, 24.79
2095, 15, 13, 7, 30, 58, 23.96, 23.01, 24.79
2095, 15, 13, 7, 30, 59, 23.92, 23.98, 24.79
2095, 15, 13, 7, 31, 0, 23.87, 23.74, 24.79
2095, 15, 13, 7, 31, 1, 23.98, 22.53, 24.82
2095, 15, 13, 7, 31, 2, 24.00, 22.29, 24.82
2095, 15, 13, 7, 31, 3, 24.00, 22.45, 24.82
2095, 15, 13, 7, 31, 4, 23.83, 23.74, 24.79
2095, 15, 13, 7, 31, 6, 23.96, 23.66, 24.82
2095, 15, 13, 7, 31, 7, 23.96, 22.21, 24.82
2095, 15, 13, 7, 31, 8, 23.94, 22.37, 24.82
2095, 15, 13, 7, 31, 9, 23.96, 22.45, 24.79
2095, 15, 13, 7, 31, 10, 24.00, 23.33, 24.79
2095, 15, 13, 7, 31, 11, 23.96, 22.93, 24.82
2095, 15, 13, 7, 31, 13, 23.94, 22.21, 24.82
2095, 15, 13, 7, 31, 14, 23.94, 23.82, 24.82
2095, 15, 13, 7, 31, 15, 23.94, 23.90, 24.82
2095, 15, 13, 7, 31, 16, 23.96, 23.25, 24.82
2095, 15, 13, 7, 31, 17, 23.89, 23.33, 24.82
2095, 15, 13, 7, 31, 18, 23.94, 23.25, 24.79
2095, 15, 13, 7, 31, 19, 24.20, 23.33, 24.79
2095, 15, 13, 7, 31, 20, 24.13, 23.33, 24.82
2095, 15, 13, 7, 31, 21, 24.00, 23.09, 24.82
2095, 15, 13, 7, 31, 22, 23.96, 23.17, 24.79
2095, 15, 13, 7, 31, 23, 23.92, 23.66, 24.79
2095, 15, 13, 7, 31, 25, 23.94, 23.17, 24.82
2095, 15, 13, 7, 31, 26, 24.00, 22.93, 24.79
2095, 15, 13, 7, 31, 27, 23.94, 23.09, 24.79
2095, 15, 13, 7, 31, 28, 23.94, 23.01, 24.79
2095, 15, 13, 7, 31, 29, 23.94, 23.17, 24.79
2095, 15, 13, 7, 31, 30, 23.96, 22.93, 24.82
2095, 15, 13, 7, 31, 31, 23.96, 22.93, 24.82
2095, 15, 13, 7, 31, 32, 23.94, 23.58, 24.79
2095, 15, 13, 7, 31, 33, 23.92, 23.01, 24.82
2095, 15, 13, 7, 31, 34, 23.94, 22.69, 24.79
2095, 15, 13, 7, 31, 36, 24.02, 23.17, 24.82
2095, 15, 13, 7, 31, 37, 23.92, 23.01, 24.79
2095, 15, 13, 7, 31, 38, 23.94, 22.77, 24.82
2095, 15, 13, 7, 31, 39, 23.94, 23.01, 24.79
2095, 15, 13, 7, 31, 40, 23.92, 23.01, 24.79
2095, 15, 13, 7, 31, 41, 23.92, 23.58, 24.82
2095, 15, 13, 7, 31, 42, 23.87, 22.53, 24.79
2095, 15, 13, 7, 31, 43, 23.92, 22.53, 24.82
2095, 15, 13, 7, 31, 44, 23.96, 22.29, 24.82
2095, 15, 13, 7, 31, 45, 23.94, 23.66, 24.82
2095, 15, 13, 7, 31, 46, 23.94, 23.58, 24.79
2095, 15, 13, 7, 31, 48, 23.94, 23.09, 24.79
2095, 15, 13, 7, 31, 49, 23.94, 23.17, 24.79
2095, 15, 13, 7, 31, 50, 23.96, 22.53, 24.82
2095, 15, 13, 7, 31, 51, 23.96, 23.09, 24.79
2095, 15, 13, 7, 31, 52, 23.98, 22.45, 24.79
2095, 15, 13, 7, 31, 53, 24.00, 22.21, 24.82
2095, 15, 13, 7, 31, 54, 24.00, 23.82, 24.82
2095, 15, 13, 7, 31, 55, 23.92, 23.58, 24.79
2095, 15, 13, 7, 31, 56, 23.96, 22.85, 24.82
2095, 15, 13, 7, 31, 57, 24.05, 22.93, 24.82
2095, 15, 13, 7, 31, 58, 23.94, 23.09, 24.82
2095, 15, 13, 7, 32, 0, 23.96, 23.01, 24.79
2095, 15, 13, 7, 32, 1, 24.00, 22.45, 24.82
2095, 15, 13, 7, 32, 2, 23.98, 22.53, 24.82
2095, 15, 13, 7, 32, 3, 24.00, 22.29, 24.79
2095, 15, 13, 7, 32, 4, 23.98, 22.21, 24.79
2095, 15, 13, 7, 32, 5, 23.94, 22.29, 24.82
2095, 15, 13, 7, 32, 6, 23.98, 22.37, 24.82
2095, 15, 13, 7, 32, 7, 24.00, 22.37, 24.82
2095, 15, 13, 7, 32, 8, 24.02, 22.37, 24.82
2095, 15, 13, 7, 32, 9, 23.98, 23.82, 24.82
2095, 15, 13, 7, 32, 11, 23.98, 22.37, 24.82
2095, 15, 13, 7, 32, 12, 24.02, 22.69, 24.82
2095, 15, 13, 7, 32, 13, 24.02, 22.69, 24.85
2095, 15, 13, 7, 32, 14, 24.00, 23.01, 24.82
2095, 15, 13, 7, 32, 15, 23.96, 23.49, 24.82
2095, 15, 13, 7, 32, 16, 24.16, 22.37, 24.82
2095, 15, 13, 7, 32, 18, 23.92, 22.85, 24.82
2095, 15, 13, 7, 32, 19, 23.96, 23.09, 24.85
2095, 15, 13, 7, 32, 20, 23.96, 23.01, 24.82
2095, 15, 13, 7, 32, 21, 23.98, 23.01, 24.82
2095, 15, 13, 7, 32, 22, 23.98, 22.77, 24.82
2095, 15, 13, 7, 32, 23, 24.24, 23.01, 24.82
2095, 15, 13, 7, 32, 24, 23.98, 22.45, 24.82
2095, 15, 13, 7, 32, 25, 23.96, 23.09, 24.82
2095, 15, 13, 7, 32, 26, 23.98, 22.45, 24.82
2095, 15, 13, 7, 32, 27, 23.96, 23.41, 24.82
2095, 15, 13, 7, 32, 28, 23.94, 23.01, 24.79
2095, 15, 13, 7, 32, 30, 23.96, 23.01, 24.82
2095, 15, 13, 7, 32, 31, 23.96, 23.09, 24.82
2095, 15, 13, 7, 32, 32, 23.96, 23.58, 24.82
2095, 15, 13, 7, 32, 33, 23.94, 23.74, 24.82
2095, 15, 13, 7, 32, 34, 23.98, 23.01, 24.82
2095, 15, 13, 7, 32, 35, 24.00, 22.69, 24.79
2095, 15, 13, 7, 32, 36, 23.96, 23.09, 24.82
2095, 15, 13, 7, 32, 37, 23.96, 23.09, 24.82
2095, 15, 13, 7, 32, 38, 23.96, 23.01, 24.82
2095, 15, 13, 7, 32, 39, 23.96, 23.01, 24.82
2095, 15, 13, 7, 32, 40, 24.00, 23.09, 24.82
2095, 15, 13, 7, 32, 42, 23.94, 23.74, 24.82
2095, 15, 13, 7, 32, 43, 23.96, 23.09, 24.82
2095, 15, 13, 7, 32, 44, 23.98, 22.69, 24.79
2095, 15, 13, 7, 32, 45, 24.05, 23.25, 24.82
2095, 15, 13, 7, 32, 46, 23.96, 23.09, 24.79
2095, 15, 13, 7, 32, 47, 23.92, 23.66, 24.79
2095, 15, 13, 7, 32, 48, 23.92, 23.25, 24.82
2095, 15, 13, 7, 32, 49, 23.89, 23.33, 24.79
2095, 15, 13, 7, 32, 50, 23.89, 23.66, 24.79
2095, 15, 13, 7, 32, 51, 23.92, 23.09, 24.75
2095, 15, 13, 7, 32, 53, 23.94, 22.45, 24.75
2095, 15, 13, 7, 32, 54, 23.94, 22.37, 24.75
2095, 15, 13, 7, 32, 55, 23.92, 23.17, 24.75
2095, 15, 13, 7, 32, 56, 23.92, 22.61, 24.79
2095, 15, 13, 7, 32, 57, 23.89, 22.85, 24.75
2095, 15, 13, 7, 32, 58, 23.85, 23.01, 24.75
2095, 15, 13, 7, 32, 59, 23.92, 23.25, 24.75
2095, 15, 13, 7, 33, 0, 23.87, 23.17, 24.75
2095, 15, 13, 7, 33, 1, 23.89, 22.61, 24.75
2095, 15, 13, 7, 33, 2, 23.89, 22.85, 24.75
2095, 15, 13, 7, 33, 3, 23.87, 23.90, 24.75
2095, 15, 13, 7, 33, 5, 23.87, 22.29, 24.75
2095, 15, 13, 7, 33, 6, 23.94, 22.29, 24.75
2095, 15, 13, 7, 33, 7, 23.89, 22.37, 24.75
2095, 15, 13, 7, 33, 8, 23.92, 22.29, 24.72
2095, 15, 13, 7, 33, 9, 23.92, 21.80, 24.75
2095, 15, 13, 7, 33, 10, 23.92, 22.21, 24.72
2095, 15, 13, 7, 33, 11, 23.89, 22.85, 24.72
2095, 15, 13, 7, 33, 12, 23.89, 22.53, 24.72
2095, 15, 13, 7, 33, 13, 23.87, 23.01, 24.72
2095, 15, 13, 7, 33, 15, 23.87, 22.53, 24.72
2095, 15, 13, 7, 33, 16, 23.85, 23.33, 24.69
2095, 15, 13, 7, 33, 17, 23.81, 23.66, 24.69
2095, 15, 13, 7, 33, 18, 23.83, 23.25, 24.69
2095, 15, 13, 7, 33, 19, 23.81, 23.58, 24.69
2095, 15, 13, 7, 33, 20, 23.96, 22.93, 24.65
2095, 15, 13, 7, 33, 21, 23.78, 23.58, 24.65
2095, 15, 13, 7, 33, 22, 23.83, 22.69, 24.65
2095, 15, 13, 7, 33, 24, 23.76, 23.25, 24.65
2095, 15, 13, 7, 33, 25, 23.78, 22.93, 24.62
2095, 15, 13, 7, 33, 26, 23.72, 23.01, 24.65
2095, 15, 13, 7, 33, 27, 23.81, 23.01, 24.65
2095, 15, 13, 7, 33, 28, 23.81, 22.61, 24.69
2095, 15, 13, 7, 33, 29, 23.83, 22.21, 24.65
2095, 15, 13, 7, 33, 30, 23.78, 23.66, 24.65
2095, 15, 13, 7, 33, 31, 23.83, 22.61, 24.65
2095, 15, 13, 7, 33, 32, 23.83, 22.77, 24.65
2095, 15, 13, 7, 33, 33, 23.83, 23.01, 24.65
2095, 15, 13, 7, 33, 34, 23.83, 23.01, 24.65
2095, 15, 13, 7, 33, 36, 23.72, 22.85, 24.62
2095, 15, 13, 7, 33, 37, 23.85, 23.09, 24.65
2095, 15, 13, 7, 33, 38, 23.83, 23.25, 24.65
2095, 15, 13, 7, 33, 39, 23.83, 23.01, 24.65
2095, 15, 13, 7, 33, 40, 23.78, 22.77, 24.65
2095, 15, 13, 7, 33, 41, 23.83, 23.33, 24.65
2095, 15, 13, 7, 33, 42, 23.81, 23.25, 24.65
2095, 15, 13, 7, 33, 43, 23.78, 23.17, 24.62
2095, 15, 13, 7, 33, 44, 23.83, 23.41, 24.65
2095, 15, 13, 7, 33, 45, 23.85, 23.17, 24.65
2095, 15, 13, 7, 33, 47, 23.85, 23.09, 24.62
2095, 15, 13, 7, 33, 48, 23.81, 23.17, 24.62
2095, 15, 13, 7, 33, 49, 24.00, 23.17, 24.65
2095, 15, 13, 7, 33, 50, 23.81, 22.12, 24.62
2095, 15, 13, 7, 33, 51, 23.81, 23.01, 24.65
2095, 15, 13, 7, 33, 52, 23.81, 22.53, 24.62
2095, 15, 13, 7, 33, 53, 23.87, 22.04, 24.62
2095, 15, 13, 7, 33, 54, 23.83, 23.49, 24.65
2095, 15, 13, 7, 33, 55, 23.83, 21.80, 24.62
2095, 15, 13, 7, 33, 57, 23.81, 23.33, 24.65
2095, 15, 13, 7, 33, 58, 23.81, 23.09, 24.65
2095, 15, 13, 7, 33, 59, 23.83, 23.66, 24.62
2095, 15, 13, 7, 34, 0, 23.78, 23.17, 24.65
2095, 15, 13, 7, 34, 1, 23.83, 22.29, 24.62
2095, 15, 13, 7, 34, 2, 23.81, 21.88, 24.65
2095, 15, 13, 7, 34, 3, 23.74, 23.58, 24.65
2095, 15, 13, 7, 34, 4, 23.81, 22.69, 24.65
2095, 15, 13, 7, 34, 5, 23.81, 22.37, 24.62
2095, 15, 13, 7, 34, 6, 23.83, 22.37, 24.62
2095, 15, 13, 7, 34, 7, 23.81, 22.29, 24.62
2095, 15, 13, 7, 34, 9, 23.81, 22.21, 24.65
2095, 15, 13, 7, 34, 10, 23.81, 22.04, 24.62
2095, 15, 13, 7, 34, 11, 23.81, 22.93, 24.62
2095, 15, 13, 7, 34, 12, 23.78, 22.61, 24.62
2095, 15, 13, 7, 34, 13, 23.81, 22.53, 24.62
2095, 15, 13, 7, 34, 14, 23.78, 23.58, 24.62
2095, 15, 13, 7, 34, 16, 23.78, 23.66, 24.62
2095, 15, 13, 7, 34, 17, 23.81, 23.41, 24.62
2095, 15, 13, 7, 34, 18, 23.81, 23.25, 24.62
2095, 15, 13, 7, 34, 19, 23.81, 23.41, 24.62
2095, 15, 13, 7, 34, 20, 23.81, 23.09, 24.62
2095, 15, 13, 7, 34, 21, 23.78, 22.93, 24.62
2095, 15, 13, 7, 34, 22, 23.78, 23.17, 24.62
2095, 15, 13, 7, 34, 23, 23.85, 22.77, 24.62
2095, 15, 13, 7, 34, 24, 23.85, 22.69, 24.62
2095, 15, 13, 7, 34, 25, 23.81, 22.45, 24.62
2095, 15, 13, 7, 34, 26, 23.83, 22.37, 24.62
2095, 15, 13, 7, 34, 28, 23.81, 22.93, 24.62
2095, 15, 13, 7, 34, 29, 23.81, 23.49, 24.62
2095, 15, 13, 7, 34, 30, 24.09, 23.01, 24.62
2095, 15, 13, 7, 34, 31, 23.72, 22.85, 24.62
2095, 15, 13, 7, 34, 32, 23.76, 23.25, 24.62
2095, 15, 13, 7, 34, 33, 23.81, 23.01, 24.65
2095, 15, 13, 7, 34, 34, 23.87, 22.77, 24.65
2095, 15, 13, 7, 34, 35, 23.83, 22.61, 24.62
2095, 15, 13, 7, 34, 36, 23.94, 23.74, 24.65
2095, 15, 13, 7, 34, 37, 23.83, 22.45, 24.62
2095, 15, 13, 7, 34, 38, 23.81, 23.33, 24.62
2095, 15, 13, 7, 34, 40, 23.70, 23.01, 24.65
2095, 15, 13, 7, 34, 41, 23.92, 22.77, 24.62
2095, 15, 13, 7, 34, 42, 23.83, 22.77, 24.65
2095, 15, 13, 7, 34, 43, 23.78, 22.85, 24.62
2095, 15, 13, 7, 34, 44, 23.81, 23.17, 24.62
2095, 15, 13, 7, 34, 45, 23.81, 23.82, 24.62
2095, 15, 13, 7, 34, 46, 23.81, 22.85, 24.62
2095, 15, 13, 7, 34, 47, 23.78, 23.17, 24.62
2095, 15, 13, 7, 34, 48, 23.76, 23.33, 24.62
2095, 15, 13, 7, 34, 49, 23.78, 23.09, 24.62
2095, 15, 13, 7, 34, 51, 23.76, 22.93, 24.62
2095, 15, 13, 7, 34, 52, 23.78, 22.93, 24.62
2095, 15, 13, 7, 34, 53, 23.81, 22.12, 24.62
2095, 15, 13, 7, 34, 54, 23.76, 23.58, 24.65
2095, 15, 13, 7, 34, 55, 23.83, 22.61, 24.65
2095, 15, 13, 7, 34, 56, 23.81, 22.93, 24.62
2095, 15, 13, 7, 34, 57, 23.78, 22.85, 24.62
2095, 15, 13, 7, 34, 58, 23.81, 23.01, 24.62
2095, 15, 13, 7, 34, 59, 23.81, 22.93, 24.65
2095, 15, 13, 7, 35, 0, 23.76, 23.09, 24.62
2095, 15, 13, 7, 35, 1, 23.83, 22.21, 24.62
2095, 15, 13, 7, 35, 3, 23.87, 22.21, 24.62
2095, 15, 13, 7, 35, 4, 23.83, 23.01, 24.62
2095, 15, 13, 7, 35, 5, 23.85, 22.61, 24.65
2095, 15, 13, 7, 35, 6, 23.87, 22.29, 24.62
2095, 15, 13, 7, 35, 7, 23.87, 22.12, 24.62
